s1_id	target_source	s2_or_s3_id	country	business_name_s1	business_name_target	address_s1	address_target	exact_name_match	exact_name_core_match	name_levenshtein_sim	name_jaro_winkler	name_token_jaccard	name_token_overlap	name_sorted_token_sim	name_char_3gram_sim	first_token_match	last_token_match	same_initials	same_token_count	exact_address_match	address_missing	address_levenshtein_sim	address_token_jaccard	address_token_overlap	postal_code_match	house_number_match	numeric_token_overlap	miss_reason_candidates
S1-138706126	source3	S3-7669744	us	Pediatric Dentistry Pioneer Care Associates	Pediatric Dentistry Pioneer Care	Alton, 20 Marian Heights Drive, IL, Unit 703	##20 Marian Heights Drive, # 703, Alton, Illinois	0	0	0.7442	0.9488	0.8	1.0	0.7442	0.7609	1	0	0	0	0	0	0.4615	0.6667	0.8571	0	0	1.0	High Name Similarity but token variation / legal truncation
S1-921119146	source3	S3-215617986	india	EY Tradevision Pvt Ltd	EY Trádevision Pvt Ltd	16, Shri Chaitanaya State Bank Supervising Official Society, Opp. I.I.M. New Gate, V, Astrapur, Ahmedabad, Gujarat	##16, Shri Chaitanaya State Bank Supervising Official Society, Opp. I.i.m. New Gate, V, Astrapur, Ahmedabad, ગુજરાત	0	0	0.9545	0.9818	0.6	0.75	0.9545	1.0	1	1	1	1	0	0	0.934	0.8	0.9412	0	0	1.0	High Name Similarity but token variation / legal truncation
S1-463664106	source3	S3-141117944	india	Premier Constructions Private Limited	প্রিমিয়ার কনস্ট্রাকশনস প্রাইভেট লিমিটেড	10, Tottie Lane Kolkata, Kolkata, Kolkata, Howrah, West Bengal	10, Kolkata, Howrah, পশ্চিমবঙ্গ	0	0	0.0769	0.386	0.0	0.0	0.0811	0.0	0	0	0	0	0	0	0.3269	0.2727	0.4286	0	1	1.0	Extreme Name Dissimilarity / Alias / DBA | Same Building, Divergent Name Prefix
S1-474083960	source3	S3-298465768	us	Fortune Precision High Inc	Fortuneprecisionhigh.Com	1659 N Temple Street, Unit B211, Salt Lake City, UT	1659 1/2 N Temple St, Unit B211, Salt Lake City, Utah	0	0	0.8077	0.9344	0.0	0.0	0.3077	0.5	0	0	0	0	0	0	0.88	0.6923	0.9	0	1	1.0	High Name Similarity but token variation / legal truncation | Same Building, Divergent Name Prefix
S1-425868254	source3	S3-573046375	us	Paone Industries	Pindustries.Com	809 Pioneer Road, Mesquite, TX	809 Pioneer Road, Mesquite, Texas	0	0	0.4375	0.74	0.0	0.0	0.3125	0.4231	0	0	0	1	0	0	0.8966	0.6667	0.8	0	1	1.0	Same Building, Divergent Name Prefix
S1-900135353	source2	S2-881037529	india	Great Galaxy Healthcare Private Limited	ಗ್ರೇಟ್ ಗ್ಯಾಲಕ್ಸಿ ಹೆಲ್ತ್‌ಕೇರ್ ಪ್ರೈವೇಟ್ ಲಿಮಿಟೆಡ್	No 1091, 12Th Main, 2Nd Stage West Of Chord Road, Mahalakshmipuram, Bangalore, Karnataka	DOOR NO 1091, BANGALORE, Karnataka	0	0	0.1	0.4009	0.0	0.0	0.1026	0.0	0	0	0	0	0	0	0.3333	0.2857	0.8	0	1	1.0	Extreme Name Dissimilarity / Alias / DBA | Same Building, Divergent Name Prefix
S1-566143634	source2	S2-280387127	india	Unique Services Private Limited	ইউনিক সার্ভিসেস প্রাইভেট লিমিটেড	47, Matheshwartala Road, Kolkata, Kolkata, Howrah, West Bengal	47, CALCUTTA, HOWRAH, West Bengal	0	0	0.0625	0.3968	0.0	0.0	0.0968	0.0	0	0	0	0	0	0	0.4615	0.5	0.8	0	1	1.0	Extreme Name Dissimilarity / Alias / DBA | Same Building, Divergent Name Prefix
S1-514423627	source3	S3-275965303	us	Valley Coalition	The Valley Coalition	9628 Laurel Lane, Fl 1, Scottsdale, AZ	9628. Laurel Lane, PMB 1695, Scottsdale, Arizona	0	0	0.8	0.8708	0.6667	1.0	0.8	0.7917	0	1	0	0	0	0	0.7381	0.4	0.5714	0	1	0.5	High Name Similarity but token variation / legal truncation | Same Building, Divergent Name Prefix
S1-780317817	source3	S3-57830494	us	Bay Charities LP	Fayekor t/a Bay Charities LP	362 Scott Street, Hubbard, OH	362 Scott Street, Hubbard, OH	0	0	0.5714	0.7113	0.5	1.0	0.5714	0.6333	0	1	0	0	1	0	1.0	1.0	1.0	0	1	1.0	Same Building, Divergent Name Prefix
S1-187637223	source2	S2-516591153	us	Mills & Le LLC	millsle.com	343 Lincoln Avenue, Lebanon, KY	343-347 LINCOLN AVENUE, LBEANON CITY, PO BOX 8822, KY	0	0	0.5	0.8539	0.0	0.0	0.25	0.3333	0	0	0	0	0	0	0.5106	0.3636	0.8	0	0	1.0	General Tail / Multi-Token Divergence
S1-86561619	source3	S3-248586476	india	Aditya Developers Private Limited	ఆదిత్య డెవలపర్స్ Private Limited	28/3Rt, 7-1-621/98 S. R. Nagar, Khairatabad, Hyderabad, Telangana	Khairatabad, 7-1-621/98 S. R. Nagar, Hyderabad, TG, C-28/3rt	0	0	0.5152	0.5506	0.2	0.5	0.1212	0.5	0	1	0	0	0	0	0.4746	0.7857	0.9167	0	0	1.0	General Tail / Multi-Token Divergence
S1-94696937	source3	S3-243649245	us	Ivette's Tavern Inc.	ivettestavern.com	610 Thomas Road, Village Of Wales, WI	610 Thomas Road, Village Of Wales, Wisconsin	0	0	0.7778	0.9031	0.0	0.0	0.7778	0.5185	0	0	0	0	0	0	0.825	0.75	0.8571	0	1	1.0	High Name Similarity but token variation / legal truncation | Same Building, Divergent Name Prefix
S1-946901276	source2	S2-465552220	us	Polaris Inc	Posasr [Inc]	6339 King Louis Drive, Fairfax County, VA	6339-C KING LOUIS DRIVE, VA, ALEXANDRIA	0	0	0.6364	0.8656	0.3333	0.5	0.6364	0.35	0	1	1	1	0	0	0.5833	0.5556	0.7143	0	0	1.0	Abbreviated Acronym / Initialism
S1-778932290	source2	S2-763219029	us	Superior Supply Services Corp	Superi0r Supply Corp (Services)	14711 State Rte 37, Crooksville, OH	14711 STATE RTE 37, BEARFIELD TWP, OH	0	0	0.6207	0.9148	0.6	0.75	0.9655	0.8125	0	0	0	1	0	0	0.6571	0.625	0.8333	1	1	1.0	Same Building, Divergent Name Prefix
S1-725482440	source2	S2-447747530	india	Guru International Private Limited	Guru lnternational [Private]	Plot No - D-13/5, 13/6 13/7 Ttc Indl Area Turbhe, Navi Mumbai, Thane, Maharashtra	PLOT 277 PLOT NO - D-13/5, 13/6 13/7 TTC INDL AREA TURBHE, NAVI MUMBAI, Maharashtra	0	0	0.7353	0.9299	0.4	0.6667	0.7353	0.675	1	0	0	0	0	0	0.8077	0.875	0.9333	0	0	1.0	High Name Similarity but token variation / legal truncation
S1-798829584	source3	S3-652440504	india	WN Associated Private Limited	K0rsynkor	H No.501, Mvv Royal Palace, Visakhapatnam (Urban), Visakhapatnam, Vishakhapatnam, Andhra Pradesh	Door No 501., Mvv Royal Palace, Visakhapatnam (Urban), Visakhapatnam, Vishakhapatnam, AP	0	0	0.069	0.4441	0.0	0.0	0.0345	0.0	0	0	0	0	0	0	0.8202	0.6154	0.8	0	1	1.0	Extreme Name Dissimilarity / Alias / DBA | Same Building, Divergent Name Prefix
S1-492038	source2	S2-863052305	us	Noor Inc	N0or [Inc.]	Portland, OR, 8100 Lombard Street	8100 LOMBARD SAINT, OR, PORTLAND	0	0	0.875	0.925	0.3333	0.5	0.875	0.5714	0	1	1	1	0	0	0.1667	0.6667	0.8	0	1	1.0	High Name Similarity but token variation / legal truncation | Same Building, Divergent Name Prefix
S1-955866957	source2	S2-86825041	india	Great Investment Private Limited	గ్రేట్ ఇన్వెస్ట్‌మెంట్ ప్రైవేట్ లిమిటెడ్	51-1-6/5B Sri Ram Nagar, Jagannaickpur, Kakinada, East Godavari, Andhra Pradesh	51-1-6/5B SRI RAM NAGR, KAKINADA, EAST GODAVARI, Andhra Pradesh	0	0	0.0882	0.394	0.0	0.0	0.0938	0.0	0	0	0	0	0	0	0.7917	0.7857	0.9167	0	1	1.0	Extreme Name Dissimilarity / Alias / DBA | Same Building, Divergent Name Prefix
S1-549086594	source2	S2-808013831	india	Sun Marketing Private Limited	सन मार्केटिंग प्राइवेट लिमिटेड	D- 8, Gf, Pandav Nagar, East Delhi, Delhi	Delhi, NEW DELHI, D- 08, GF, PANDAV NAGAR	0	0	0.069	0.4023	0.0	0.0	0.1034	0.0	0	0	0	0	0	0	0.1389	0.5556	0.7143	0	0	0.0	Extreme Name Dissimilarity / Alias / DBA
S1-107367404	source2	S2-211526919	india	Star Developers Private Limited	स्टार डेवलपर्स प्राइवेट लिमिटेड	House No. 37, Gali No-3, Surat Nagar Phase 1, Railway Road, Gurgaon, Haryana	HOUSE NO. 37, RAILWAY ROAD, GURGAON, Haryana	0	0	0.0645	0.3978	0.0	0.0	0.0968	0.0	0	0	0	0	0	0	0.5588	0.5385	1.0	0	1	1.0	Extreme Name Dissimilarity / Alias / DBA | Same Building, Divergent Name Prefix
S1-387819994	source2	S2-821872573	us	D 4 U Golden Inc	D 4 U G0lden Inc	824 Rose Avenue, Columbus, OH	COLUMBUS, PO BOX 8175, OH, 885 ROSE AENUE	0	0	0.9375	0.975	0.6667	0.8	0.9375	0.6842	1	1	1	1	0	0	0.1579	0.3	0.6	0	0	0.0	High Name Similarity but token variation / legal truncation
S1-650254962	source3	S3-15338428	india	Jay Agro Private Limited	জয় অ্যাগ্রো প্রাইভেট লিমিটেড	1St-Fr, 6/A/1, Tulsi Charan Mitra Garden Lane, Bally Jagachha, Howrah, West Bengal	Bally Jagachha, Howrah, WB, 1St-Fr/2, 6/A/1, Tulsi Charan Mitra Garden Lane	0	0	0.1111	0.412	0.0	0.0	0.0833	0.0	0	0	0	0	0	0	0.2083	0.7647	0.8667	0	0	1.0	Extreme Name Dissimilarity / Alias / DBA
S1-298438366	source2	S2-103594714	india	Apex Trading Private Limited	APEX TRADING PRIVATE LTD	C/O Suresh Prajapat, Near Hp Petrol Pump, Gangapur, Sawai Madhopur, Rajasthan	C/O SURESH PRAJAPAT, NEAR HP PETROL PUMP, GANGAPUR, Rajasthan	0	0	0.8571	0.9714	0.6	0.75	0.8571	0.7222	1	0	1	1	0	0	0.7945	0.8333	1.0	0	0	0.0	High Name Similarity but token variation / legal truncation
S1-309658496	source3	S3-600088937	us	Maid Book Store	Maid B0ok	6000 Powder Wood Lane, Arlington, TX		0	0	0.5333	0.8844	0.25	0.5	0.5333	0.4091	1	0	0	0	0	1	0.0	0.0	0.0	0	0	0.0	Missing Address in Target or Query
S1-988577357	source2	S2-974940653	us	Pediatric Dentistry Care LLC	LLC Pediatric Dentistry Care	2480 Turner Road, Salem, OR	2480 TURNER RD, SALEM, OR	0	0	0.7143	0.7857	1.0	1.0	1.0	1.0	0	0	0	1	1	0	1.0	1.0	1.0	0	1	1.0	High Name Similarity but token variation / legal truncation | Same Building, Divergent Name Prefix
S1-380094562	source2	S2-254066509	us	Cascade Storage LLC	Cascade Stolae LLC LLC	500 Anderson Street, Fl 0, Weatherford, TX	500D ANDERSON ST, WEATHERFORD, TX	0	0	0.7273	0.91	0.5	0.6667	0.8947	0.64	1	1	0	0	0	0	0.8286	0.5	0.8	0	0	0.0	High Name Similarity but token variation / legal truncation
S1-125132307	source3	S3-11641846	india	Silver Nursing Home	Silver Nursing Center	C-245, Sector-3, Greater Noida (West), Dadri, Noida, Gautam Buddha Nagar, Uttar Pradesh, Noida, Gautam Buddha Nagar, Uttar Pradesh	C-245, Sector-3, Greater Noida (West), Dadri, Noida, Gautam Buddha Nagar, Uttar Pradesh, Gautam Buddha Nagar, Noida, UP	0	0	0.7619	0.9208	0.5	0.6667	0.7619	0.5862	1	0	0	1	0	0	0.8448	0.9286	1.0	0	0	1.0	High Name Similarity but token variation / legal truncation
S1-235827905	source3	S3-245041126	india	Sai Infotech Private Limited	साईं इंफोटेक प्राइवेट लिमिटेड	Patna, Bihar, 709, 7Th Floor, Jagat Trade Centre Maurya Lok, Fraser Road	707, Patna, Boring Road, Patna, BR	0	0	0.0714	0.4048	0.0	0.0	0.1071	0.0	0	0	0	0	0	0	0.2097	0.1333	0.4	0	0	0.0	Extreme Name Dissimilarity / Alias / DBA
S1-235827905	source3	S3-873543936	india	Sai Infotech Private Limited	Zetavio D.B.A. Sai Infotech Private Limited	Patna, Bihar, 709, 7Th Floor, Jagat Trade Centre Maurya Lok, Fraser Road	709, 7Th Floor, Jagat Trade Centre Maurya Lok, Fraser Road, Patna, Bihar	0	0	0.6667	0.7341	0.5	1.0	0.6667	0.7442	0	1	0	0	0	0	0.6129	1.0	1.0	0	0	1.0	General Tail / Multi-Token Divergence
S1-49462470	source2	S2-500691188	india	Bangalore North Infratech Ltd	8angalore Infratech Ltd  Center	Site No-83 & 84, 1St Cross, Bangalore North, Bangalore, Karnataka	SITE NO-83 & 84, 1ST CROSS, BANGALORE NORTH, BANGALORE, Karnataka	0	0	0.5333	0.8313	0.3333	0.5	0.5333	0.5455	0	0	0	1	1	0	1.0	1.0	1.0	0	1	1.0	Same Building, Divergent Name Prefix
S1-742878440	source3	S3-779969173	us	Metropolitan Sun LLC	metropolitansun.com	33 Dakota Street, Portland, ME	33-D Dakota Street, Portland, Maine	0	0	0.8	0.9254	0.0	0.0	0.8	0.5714	0	0	0	0	0	0	0.8276	0.5714	0.8	0	0	1.0	High Name Similarity but token variation / legal truncation
S1-786497576	source2	S2-787350941	us	Dong Grupo of Incorporated	D0ng  Gnlo of Incorporated	460 2nd Street, Incorporated, ID	60 SECOND ST, INCORPORATED, ID	0	0	0.8462	0.8224	0.3333	0.5	0.8462	0.5588	0	1	1	1	0	0	0.8214	0.4286	0.6	0	0	0.0	High Name Similarity but token variation / legal truncation
S1-49474663	source2	S2-784017251	india	Dynamic Products Private Limited	ಡೈನಾಮಿಕ್ ಪ್ರೊಡಕ್ಟ್ಸ್ ಪ್ರೈವೇಟ್ ಲಿಮಿಟೆಡ್	96/718, Ist Floor, Mohan Market, Ranagaswamy Temple Street, Bangalore -53., Bangalore, Karnataka	96/718, BANGALORE -53., BANGALORE, Karnataka	0	0	0.0882	0.394	0.0	0.0	0.0938	0.0	0	0	0	0	0	0	0.4815	0.4167	1.0	0	1	1.0	Extreme Name Dissimilarity / Alias / DBA | Same Building, Divergent Name Prefix
S1-798808592	source3	S3-477483384	us	Memorial Guild Associates	memorialguildassociates.com	8872 Bluff Lane, Fair Oaks, CA	8872 Bluff Ln, Fair Oaks, California	0	0	0.7778	0.9281	0.0	0.0	0.2593	0.5676	0	0	0	0	0	0	0.7647	0.7143	0.8333	0	1	1.0	High Name Similarity but token variation / legal truncation | Same Building, Divergent Name Prefix
S1-420915986	source2	S2-911182333	india	Real Tech Private Limited	रियल टेक प्राइवेट लिमिटेड	House No.339, Pocket A-01, Keshav Puram, Delhi, North West, Delhi	HOUSE NO.A-339, N/A, DIVREPORTINGCIRCLE, NORTH WEST, Delhi	0	0	0.08	0.4133	0.0	0.0	0.12	0.0	0	0	0	0	0	0	0.4906	0.5833	0.875	0	0	1.0	Extreme Name Dissimilarity / Alias / DBA
S1-959580291	source2	S2-998661747	us	Pediatric Dental Atlantic Center Inc	Pediatric Dental Atlantic Center Inc Commission	214 Carson Cub Court, Montgomery, TX		0	0	0.766	0.9532	0.8333	1.0	0.766	0.7708	1	0	0	0	0	1	0.0	0.0	0.0	0	0	0.0	Missing Address in Target or Query | High Name Similarity but token variation / legal truncation
S1-672971396	source2	S2-586229121	india	Sky Business Private Limited	स्काई बिजनेस प्राइवेट लिमिटेड	Csp -11123, Block-1, 11Th Floor, Dlf Capital Greens, 15 Shivaji Marg, Karampura, Moti Nagar, New Delhi, West Delhi, Delhi	CSP -11123, BLOCK-1, 11TH FLOOR, DLF CAPITAL GREENS, 15 SHIVAJI MARG, KARAMPURA, MOTI NAGAR, NEW DELHI, WEST DELHI, Delhi	0	0	0.1034	0.4035	0.0	0.0	0.1071	0.0	0	0	0	0	1	0	1.0	1.0	1.0	1	1	1.0	Extreme Name Dissimilarity / Alias / DBA | Same Building, Divergent Name Prefix
S1-173971969	source3	S3-210351517	india	Hotel It Pvt Ltd	Htl It Pvt Ltd	Kailash Bihari Singh, Cou, Po-Bhagwan, Chapra, Saran, Bihar	Kailash Bihari Singh, Chapra, BR, Saran	0	0	0.875	0.9625	0.6	0.75	0.875	0.619	0	1	1	1	0	0	0.6111	0.5	0.8333	0	0	0.0	High Name Similarity but token variation / legal truncation
S1-148848342	source3	S3-445550561	us	Standard Education Consultants	Standard Education Concfultaas	DC, Unit 304, Washington, 2721 Adams Mill Road	721 Adams Mill Road, Unit 304, Washington, District of Columbia	0	0	0.8667	0.9452	0.5	0.6667	0.8667	0.6667	1	0	1	1	0	0	0.4138	0.5	0.75	0	0	0.5	High Name Similarity but token variation / legal truncation
S1-705366048	source3	S3-465809081	us	U 3 Complete Electronics L.L.C.	U 3 Cómplete Electronics L.L.C.	6085 Lake Road, Starkey, NY	085 Lake Road, Rock Stream, New York	0	0	0.9667	0.9384	0.7143	0.8333	0.9643	1.0	1	1	1	1	0	0	0.5	0.2	0.4	0	0	0.0	High Name Similarity but token variation / legal truncation
S1-713886955	source3	S3-244551534	india	Kr Holdings	Kr	D-254, Nirman Vihar, New Delhi, Delhi	D-254, New Delhi, Nirman Vihar, दिल्ली	0	0	0.1818	0.7818	0.5	1.0	0.1818	0.2308	1	0	0	0	0	0	0.3235	0.75	1.0	0	0	1.0	Extreme Name Dissimilarity / Alias / DBA
S1-618364441	source2	S2-773032786	india	United Software Private Limited	यूनाइटेड सॉफ्टवेयर प्राइवेट लिमिटेड	Vikas Puri, New Delhi, K-68, Krishna Park Extension, Outer Ring Road, Delhi	K-68., KRISHNA PARK EXTENSION, OUTER RING ROAD, NEW DELHI, VIKAS PURI, दिल्ली	0	0	0.0857	0.3942	0.0	0.0	0.0645	0.0	0	0	0	0	0	0	0.3824	0.8571	1.0	0	0	1.0	Extreme Name Dissimilarity / Alias / DBA
S1-740947714	source2	S2-434065398	india	Anand Sun International Private Limited	આણંદ સન ઇન્ટરનેશનલ પ્રાઇવેટ લિમિટેડ	Gujarat, B 204, Palanpur, Venketeshwar Flat Classic, Agola Road, Banas Kantha	B 204, VENKETESHWAR FLAT CLASSIC, AGOLA ROAD, PALANPUR, DEESA, ગુજરાત	0	0	0.1026	0.4056	0.0	0.0	0.1026	0.0	0	0	0	0	0	0	0.5143	0.5333	0.7273	0	0	1.0	Extreme Name Dissimilarity / Alias / DBA
S1-528102700	source3	S3-526043886	us	Rocky League Inc	The Rocky League  Inc	422 5th Street, New Albany, IN	422 5th Street, Indiana, New Albany	0	0	0.8	0.8083	0.75	1.0	0.8	0.8333	0	1	0	0	0	0	0.6207	0.7143	0.8333	0	1	1.0	High Name Similarity but token variation / legal truncation | Same Building, Divergent Name Prefix
S1-85659903	source3	S3-980886320	india	Supreme It Private Limited	ਸੁਪਰੀਮ ਆਈਟੀ ਪ੍ਰਾਈਵੇਟ ਲਿਮਟਿਡ	Sco No.204 Second Floor, Raja Commercials, B-Xv-79/A-1, Vishwakarma Chowk, Miller Ganj, G.T. Road, Ludhiana, Punjab	Sco No.b3/204 Second Floor, Ludhiana, PB	0	0	0.0385	0.4103	0.0	0.0	0.0385	0.0	0	0	0	0	0	0	0.2843	0.2609	0.75	0	0	1.0	Extreme Name Dissimilarity / Alias / DBA
S1-522879734	source3	S3-284561873	india	High Energy Private Limited	హై ఎనర్జీ ప్రైవేట్ లిమిటెడ్	Musheerabad, Telangana, H No 1-7-1046/3 F. No 201, Hyderabad, 2Nd Floor Srt-3, Ramnagar	#1-7-1046/3 F. No 201, 2Nd Floor Srt-3, Ramnagar, Hyderabad City Region, Hyderabad, Andhra Pradesh	0	0	0.1111	0.4138	0.0	0.0	0.1111	0.0	0	0	0	0	0	0	0.2386	0.6316	0.8	0	0	1.0	Extreme Name Dissimilarity / Alias / DBA
S1-125310170	source3	S3-492674478	us	Hurtado Broadband	Miraquo	707 Ridge Street, Bowling Green, OH	707 Ridge St, Bowling Green, Ohio	0	0	0.1765	0.5189	0.0	0.0	0.1765	0.0357	0	0	0	0	0	0	0.9355	0.7143	0.8333	0	1	1.0	Extreme Name Dissimilarity / Alias / DBA | Same Building, Divergent Name Prefix
S1-14229676	source2	S2-553985135	india	Suncity Infra Private Limited	suncityinfra.com	Bangalore North, Hd-043, Karnataka, Wework Salarpuria Magnificia, Tin Factory, 78, Old Madras Road, Mahadevapura, Next To K.R.Puram, Bangalore	HD-043, WEWORK SALARPURIA MAGNIFICIA, TIN FACTORY, 78, OLD MADRAS ROAD, MAHADEVAPURA, NEXT TO K.R.PURAM, BANGALORE NORTH, N/A, Karnataka	0	0	0.4828	0.8287	0.0	0.0	0.1379	0.2927	0	0	0	0	0	0	0.7008	0.9524	1.0	0	0	1.0	General Tail / Multi-Token Divergence
S1-927040107	source2	S2-310688935	us	IR Cornerstone Bain LLC	ircornerstonebain.com	1727 Galena Drive, City Of Port Washington, WI	CITY OF PORT WASHINGTON, 1727 GAENA DR, WI	0	0	0.7826	0.9002	0.0	0.0	0.4348	0.5152	0	0	0	0	0	0	0.2927	0.7778	0.875	0	1	1.0	High Name Similarity but token variation / legal truncation | Same Building, Divergent Name Prefix
S1-221384458	source2	S2-70880749	india	New Business Pvt Ltd	न्यू बिजनेस प्रा. लि.	Survey Number 39/A/2/3, House Number 2/163, Building Number 7, Flat 15, Durvankur Apartment, Manikbag, Amrutanagar, Pune City, Pune, Maharashtra	SURVEY NUMBER 39/A/2/3, PUNE CITY, PUNE, महाराष्ट्र	0	0	0.15	0.4458	0.0	0.0	0.15	0.0	0	0	0	0	0	0	0.3009	0.3478	0.6667	0	0	1.0	Extreme Name Dissimilarity / Alias / DBA
S1-497653195	source2	S2-514118622	india	One Estate Private Limited	वन एस्टेट प्राइवेट लिमिटेड	A 24, Tarang Drug Emp Chs Ltd., Unit No.3, Gilbert Hill, Mumbai, Mumbai City, Maharashtra	A 24/9, MUMBAI, MUMBAI CITY, महाराष्ट्र	0	0	0.0769	0.4103	0.0	0.0	0.1154	0.0	0	0	0	0	0	0	0.3049	0.2	0.4444	0	0	0.5	Extreme Name Dissimilarity / Alias / DBA
S1-383319619	source3	S3-693673409	us	Jones Rocky Enterprise Inc	Jones Rocky	201 58th Street, Unit 141, Washington, DC		0	0	0.4231	0.8846	0.5	1.0	0.4231	0.4667	1	0	0	0	0	1	0.0	0.0	0.0	0	0	0.0	Missing Address in Target or Query
S1-411385766	source2	S2-285829171	india	Shree Infra	shreeinfra.com	No 74/B, 5Th Main, Maruti Temple Road Kuvempunagar, Mysore, Karnataka	NO 74/B, 5TH MAIN, MARUTI TEMPLE ROAD KUVEMPUNAGAR, MYSORE, Karnataka	0	0	0.6429	0.9026	0.0	0.0	0.2857	0.4762	0	0	0	1	1	0	1.0	1.0	1.0	0	1	1.0	Same Building, Divergent Name Prefix
