s1_id	target_id	target_source	model_score	candidate_rank	block_count	blocking_sources	country	fp_category	classifiable_reason	business_name_s1	business_name_target	address_s1	address_target	feat_exact_name_match	feat_exact_name_core_match	feat_name_jaro_winkler	feat_name_levenshtein_sim	feat_name_token_jaccard	feat_name_token_overlap	feat_name_sorted_token_sim	feat_name_char_3gram_jaccard	feat_name_len_diff	feat_name_len_ratio	feat_name_token_count_diff	feat_name_first_token_match	feat_name_last_token_match	feat_exact_address_match	feat_address_levenshtein_sim	feat_address_token_jaccard	feat_address_token_overlap	feat_postal_exact_match	feat_house_number_exact_match	feat_house_number_overlap	feat_numeric_token_overlap	feat_address_len_diff	feat_address_token_count_diff	feat_address_missing_flag	feat_name_sim_x_addr_sim	feat_name_sim_plus_addr_sim	feat_max_name_addr_sim	feat_min_name_addr_sim	feat_both_exact	feat_name_exact_and_addr_similar	feat_addr_exact_and_name_similar	feat_block_count	feat_block_strength_sum	feat_exact_name_hit	feat_name_core_hit	feat_house_name_hit	feat_combined_postal_name_hit	feat_rare_token_hit	feat_char_3gram_hit	feat_address_token_hit	feat_candidate_rank	feat_is_source2	feat_is_source3
S1-143972355	S2-554053389	source2	0.833249	30	1	address_token	india	Singleton False Positive	Same Building Number + High Name Similarity	Nagaya Enterprises Private Limited	Green  Enterprises Private Limited	2/2A, Suresh Sarkar Road 1St Floor, Kolkata, Howrah, West Bengal	2/2A, DR. SURESH SARKAR ROAD, KOLKATA, West Bengal	0.0	0.0	0.7860368389780156	0.8235294117647058	0.6	0.75	0.6176470588235294	0.7142857142857143	1.0	0.9705882352941176	0.0	0.0	1.0	0.0	0.6730769230769231	0.6666666666666666	0.8888888888888888	0.0	1.0	0.0	1.0	11.0	2.0	0.0	0.554299	1.496606	0.8235294117647058	0.6730769230769231	0.0	0.0	0.0	1.0	1.0	0.0	0.0	0.0	0.0	0.0	0.0	1.0	30.0	0.0	0.0
S1-270255759	S3-525531939	source3	0.827886	1	3	address_token,char_3gram_k10,rare_token	us	Singleton False Positive	Same Building Number + High Name Similarity	AY Entertainment Group	NAY Entertainment Group	5629 Galloway Road, Flemington, WV	5629 Galloway Road, Flemington, West Virginia	0.0	0.0	0.8794466403162056	0.9565217391304348	0.5	0.6666666666666666	0.6956521739130435	0.8518518518518519	1.0	0.9565217391304348	0.0	0.0	1.0	0.0	0.7894736842105263	0.5714285714285714	0.8	0.0	1.0	1.0	1.0	8.0	1.0	0.0	0.755149	1.745995	0.9565217391304348	0.7894736842105263	0.0	0.0	0.0	3.0	6.0	0.0	0.0	0.0	0.0	1.0	1.0	1.0	1.0	0.0	0.0
S1-545750994	S2-205694922	source2	0.82557	9	2	char_3gram_k10,rare_token	india	Singleton False Positive	General Multi-Feature Coincidence	Sarasiya Travel Limited	SARAZIYA LIMITED TRAVEL	Chennai, Raja Bather Street T Nagar, Tamil Nadu, No 52	NO 52, RAJA BATHER STREET T NAGAR, CHENNAI, Tamil Nadu	0.0	0.0	0.9280632411067193	0.4347826086956522	0.5	0.6666666666666666	0.9565217391304348	0.7931034482758621	0.0	1.0	0.0	0.0	0.0	0.0	0.5531914893617021	1.0	1.0	0.0	1.0	1.0	1.0	0.0	0.0	0.0	0.240518	0.987974	0.5531914893617021	0.4347826086956522	0.0	0.0	0.0	2.0	5.0	0.0	0.0	0.0	0.0	1.0	1.0	0.0	9.0	0.0	0.0
S1-405656924	S2-900615957	source2	0.815608	1	3	char_3gram_k10,name_core,rare_token	india	Singleton False Positive	Identical Core Name, Different Entity	Titagarh Hotels	Titagarh Hotels Pvt Ltd	Vikas Bhuwalka, 58, Sheel Nagar Extension, Mahmoorganj, Varanasi, Uttar Pradesh	NO 84 VIKAS BHUWALKA, 58, SHEEL NAGAR EXTENSION, MAHMOORGANJ, VARANASI, Uttar Pradesh	0.0	1.0	0.9304347826086957	0.6521739130434783	0.5	1.0	0.6521739130434783	0.6538461538461539	8.0	0.6521739130434783	2.0	1.0	0.0	0.0	0.925	0.8333333333333334	1.0	0.0	0.0	0.0	1.0	6.0	2.0	0.0	0.603261	1.577174	0.925	0.6521739130434783	0.0	0.0	0.0	3.0	11.0	0.0	1.0	0.0	0.0	1.0	1.0	0.0	1.0	0.0	0.0
S1-38345711	S2-346547215	source2	0.812579	8	2	exact_name,name_core	us	Singleton False Positive	Identical Business Name, Different Entity	Urgent Care Physicians Inc.	Urgent Care Physicians Inc	301 Stacy Weaver Drive, Fayetteville, NC	2032 FARGO DR, FAYETTEVILLE, NC	1.0	1.0	1.0	1.0	1.0	1.0	1.0	1.0	0.0	1.0	0.0	1.0	1.0	0.0	0.6285714285714286	0.375	0.6	0.0	0.0	0.0	0.0	6.0	1.0	0.0	0.628571	1.628571	1.0	0.6285714285714286	0.0	0.0	0.0	2.0	13.0	1.0	1.0	0.0	0.0	0.0	0.0	0.0	8.0	0.0	0.0
S1-548304791	S2-537495258	source2	0.761894	73	1	address_token	india	Singleton False Positive	General Multi-Feature Coincidence	Balaji Systems Private Limited	బ్లాక్ మీడియా ప్రైవేట్ లిమిటెడ్	Plot No 8-2-293/82/A/1174A Road No 56, Jubilee Hills, Hyderabad, Shaikpet, Hyderabad, Telangana	NO 8-2-293/82/A/831, PLOT NO.831/A ROAD NO.41, JUBILEE HILLS, HYDERABAD, Telangana	0.0	0.0	0.4037037037037037	0.09999999999999998	0.0	0.0	0.09999999999999998	0.0	3.0	0.9	10.0	0.0	0.0	0.0	0.5340909090909092	0.7058823529411765	0.8571428571428571	0.0	1.0	0.0	0.8	12.0	1.0	0.0	0.053409	0.634091	0.5340909090909092	0.09999999999999998	0.0	0.0	0.0	1.0	1.0	0.0	0.0	0.0	0.0	0.0	0.0	1.0	73.0	0.0	0.0
S1-337503787	S2-710269582	source2	0.705014	10	2	address_token,rare_token	us	Singleton False Positive	General Multi-Feature Coincidence	Erwin Interests L.L.C.	PARKS INTERESTS	AL, Opelika, 1750 Hidden Lakes Drive	1750 HIDDEN LAKES DRIVE, OPELIKA, AL	0.0	0.0	0.6311688311688312	0.47619047619047616	0.2	0.5	0.3157894736842105	0.44	6.0	0.7142857142857143	3.0	0.0	0.0	0.0	0.29032258064516125	1.0	1.0	0.0	0.0	1.0	1.0	0.0	0.0	0.0	0.138249	0.766513	0.47619047619047616	0.29032258064516125	0.0	0.0	0.0	2.0	4.0	0.0	0.0	0.0	0.0	1.0	0.0	1.0	10.0	0.0	0.0
S1-625390990	S2-609520667	source2	0.680772	23	1	address_token	india	Singleton False Positive	General Multi-Feature Coincidence	Flamingo Trading Private Limited	टेक सिस्टम्स प्राइवेट लिमिटेड	Vajinta Arked, Flat No. 2 Opp. Ladies Hostel, Vishrambag, Sangli, Maharashtra	VAJIGTA ARKED, FLAT NO. 2 OPP. LADIES HOSTEL, VISHRAMBAG, SANGLI, Maharashtra	0.0	0.0	0.399066091954023	0.09375	0.0	0.0	0.09375	0.0	3.0	0.90625	10.0	0.0	0.0	0.0	0.9859154929577465	0.8333333333333334	0.9090909090909091	0.0	1.0	1.0	1.0	0.0	0.0	0.0	0.09243	1.079665	0.9859154929577465	0.09375	0.0	0.0	0.0	1.0	1.0	0.0	0.0	0.0	0.0	0.0	0.0	1.0	23.0	0.0	0.0
S1-629118510	S3-946170372	source3	0.678366	2	3	char_3gram_k10,exact_name,name_core	us	Singleton False Positive	Identical Business Name, Different Entity	Little Coffee	Little Coffee!	472 York Street, York, ME	20 William Street, St Johnsville, New York	1.0	1.0	1.0	1.0	1.0	1.0	1.0	1.0	0.0	1.0	0.0	1.0	1.0	0.0	0.19444444444444442	0.25	0.5	0.0	0.0	0.0	0.0	17.0	2.0	0.0	0.194444	1.194444	1.0	0.19444444444444442	0.0	0.0	0.0	3.0	15.0	1.0	1.0	0.0	0.0	0.0	1.0	0.0	2.0	0.0	0.0
S1-68334966	S2-137354196	source2	0.649684	2	1	house_name	us	Singleton False Positive	General Multi-Feature Coincidence	Allied Jena LLC	Allied Pmv LLC LLC	171 Tyler Avenue, Brookhaven, NY	171. GARNER AVENUE, BUFALO, NY	0.0	0.0	0.8688888888888889	0.6111111111111112	0.5	0.6666666666666666	0.5333333333333333	0.5652173913043478	3.0	0.8333333333333334	1.0	1.0	1.0	0.0	0.5555555555555556	0.42857142857142855	0.6	0.0	1.0	1.0	1.0	3.0	0.0	0.0	0.339506	1.166667	0.6111111111111112	0.5555555555555556	0.0	0.0	0.0	1.0	5.0	0.0	0.0	1.0	0.0	0.0	0.0	0.0	2.0	0.0	0.0
S1-668150019	S3-870195374	source3	0.635248	1	3	address_token,char_3gram_k10,rare_token	us	Singleton False Positive	General Multi-Feature Coincidence	AB Prairie Enbridge	AU Enbridge Prairie	3027 Breeze Drive, UT, Magna City	3036 Breeze Dr, Magna, Utah	0.0	0.0	0.8302631578947368	0.368421052631579	0.5	0.6666666666666666	0.9473684210526316	0.8181818181818182	0.0	1.0	0.0	0.0	0.0	0.0	0.6785714285714286	0.375	0.6	0.0	0.0	0.0	0.0	3.0	1.0	0.0	0.25	1.046992	0.6785714285714286	0.368421052631579	0.0	0.0	0.0	3.0	6.0	0.0	0.0	0.0	0.0	1.0	1.0	1.0	1.0	0.0	0.0
S1-25517882	S2-527866226	source2	0.5956	1	4	address_token,char_3gram_k10,name_core,rare_token	us	Singleton False Positive	Identical Core Name, Different Entity	Darda Scranton, Ph.D.	DARDA SCRANTON, PH.D. (CORP)	WA, 4017 Windcrest Lane, Anacortes	4020 WINDCREST LN, ANACORTES, WA	0.0	1.0	0.9583333333333333	0.7916666666666666	0.8	1.0	0.7916666666666666	0.7916666666666666	5.0	0.7916666666666666	1.0	1.0	0.0	0.0	0.7333333333333334	0.6666666666666666	0.8	0.0	0.0	0.0	0.0	0.0	0.0	0.0	0.580556	1.525	0.7916666666666666	0.7333333333333334	0.0	0.0	0.0	4.0	12.0	0.0	1.0	0.0	0.0	1.0	1.0	1.0	1.0	0.0	0.0
S1-29696416	S2-626110866	source2	0.561359	1	4	char_3gram_k10,exact_name,name_core,rare_token	india	Singleton False Positive	Identical Business Name, Different Entity	Silver Exports Private Limited	Silver Exports Private [Limited]	Noida, Gautam Buddha Nagar, Jasas C-58/8, Sector-62, Uttar Pradesh, A-101		1.0	1.0	1.0	1.0	1.0	1.0	1.0	1.0	0.0	1.0	0.0	1.0	1.0	0.0	0.0	0.0	0.0	0.0	0.0	0.0	0.0	68.0	0.0	1.0	0.0	1.0	1.0	0.0	0.0	0.0	0.0	4.0	18.0	1.0	1.0	0.0	0.0	1.0	1.0	0.0	1.0	0.0	0.0
S1-214903253	S2-564112793	source2	0.561359	1	4	char_3gram_k10,exact_name,name_core,rare_token	india	Singleton False Positive	Identical Business Name, Different Entity	Indian Global Private Limited	Indian Global Private Limited	Lucknow, Uttar Pradesh, H.No 16/108 Shiva Palace Flat No. 401 Munshipulia Sector 16 Indira Nagar		1.0	1.0	1.0	1.0	1.0	1.0	1.0	1.0	0.0	1.0	0.0	1.0	1.0	0.0	0.0	0.0	0.0	0.0	0.0	0.0	0.0	93.0	0.0	1.0	0.0	1.0	1.0	0.0	0.0	0.0	0.0	4.0	18.0	1.0	1.0	0.0	0.0	1.0	1.0	0.0	1.0	0.0	0.0
S1-374342735	S2-537495258	source2	0.548365	74	1	address_token	india	Singleton False Positive	General Multi-Feature Coincidence	Black Care Private Limited	బ్లాక్ మీడియా ప్రైవేట్ లిమిటెడ్	Plot No. 195-A, Road No. 13, Jubilee Hills, Hyderabad, Telangana	NO 8-2-293/82/A/831, PLOT NO.831/A ROAD NO.41, JUBILEE HILLS, HYDERABAD, Telangana	0.0	0.0	0.40883190883190884	0.11111111111111116	0.0	0.0	0.11538461538461542	0.0	1.0	0.9629629629629629	10.0	0.0	0.0	0.0	0.6710526315789473	0.5	0.8	0.0	0.0	0.0	0.0	20.0	7.0	0.0	0.074561	0.782164	0.6710526315789473	0.11111111111111116	0.0	0.0	0.0	1.0	1.0	0.0	0.0	0.0	0.0	0.0	0.0	1.0	74.0	0.0	0.0
S1-137180739	S2-298995800	source2	0.526977	86	1	address_token	india	Singleton False Positive	General Multi-Feature Coincidence	Hitech High Technologies Limited	শ্রী ম্যানেজমেন্ট প্রাইভেট লিমিটেড	135A, Biplabi Rash Behari Bose Road 2Nd Floor, Kolkata, Kolkata, Howrah, West Bengal	35A, BIPLABI RASH BEHARI BASU ROAD 1ST FLOOR, KOLKATA, HOWRAH, KOLKATA, West Bengal	0.0	0.0	0.3948863636363636	0.09090909090909094	0.0	0.0	0.09375	0.0	1.0	0.9696969696969697	12.0	0.0	0.0	0.0	0.7746478873239436	0.6	0.75	0.0	0.0	0.0	0.0	1.0	0.0	0.0	0.070423	0.865557	0.7746478873239436	0.09090909090909094	0.0	0.0	0.0	1.0	1.0	0.0	0.0	0.0	0.0	0.0	0.0	1.0	86.0	0.0	0.0
S1-394321455	S3-461747272	source3	0.487591	75	1	address_token	india	Singleton False Positive	General Multi-Feature Coincidence	My Food Private Limited	Silver Bazar Private Límited	No.198, 2Nd Floor, Cmh Road, Indiranagar, Bangalore, Karnataka	No.198, 2Nd Floor, Cmh Road, Indiranagar, 2Nd Stage, Bangalore, Bangalore, Bangalore North, KA	0.0	0.0	0.6448361953477043	0.5714285714285714	0.14285714285714285	0.25	0.4285714285714286	0.45	5.0	0.8214285714285714	0.0	0.0	0.0	0.0	0.6363636363636364	0.6666666666666666	0.8888888888888888	0.0	1.0	1.0	1.0	25.0	5.0	0.0	0.363636	1.207792	0.6363636363636364	0.5714285714285714	0.0	0.0	0.0	1.0	1.0	0.0	0.0	0.0	0.0	0.0	0.0	1.0	75.0	0.0	0.0
