s1_id	target_source	target_id	model_score	candidate_rank	block_count	blocking_sources	country	business_name_s1	business_name_target	address_s1	address_target	true_match	feat_exact_name_match	feat_exact_name_core_match	feat_name_jaro_winkler	feat_name_levenshtein_sim	feat_name_token_jaccard	feat_name_token_overlap	feat_name_sorted_token_sim	feat_name_char_3gram_jaccard	feat_name_len_diff	feat_name_len_ratio	feat_name_token_count_diff	feat_name_first_token_match	feat_name_last_token_match	feat_exact_address_match	feat_address_levenshtein_sim	feat_address_token_jaccard	feat_address_token_overlap	feat_postal_exact_match	feat_house_number_exact_match	feat_house_number_overlap	feat_numeric_token_overlap	feat_address_len_diff	feat_address_token_count_diff	feat_address_missing_flag	feat_name_sim_x_addr_sim	feat_name_sim_plus_addr_sim	feat_max_name_addr_sim	feat_min_name_addr_sim	feat_both_exact	feat_name_exact_and_addr_similar	feat_addr_exact_and_name_similar	feat_block_count	feat_block_strength_sum	feat_exact_name_hit	feat_name_core_hit	feat_house_name_hit	feat_combined_postal_name_hit	feat_rare_token_hit	feat_char_3gram_hit	feat_address_token_hit	feat_candidate_rank	feat_is_source2	feat_is_source3
S1-942590387	source3	S3-400759482	0.437445	8	2	char_3gram_k10,rare_token	us	Brightium Robinhood LLC	Brightium Róbinhood Llc	33269 190th Street, 22, IA	3326 190st St, 22, Iowa	1	0.0	0.0	0.9644268774703557	0.9565217391304348	0.5	0.6666666666666666	0.9565217391304348	1.0	0.0	1.0	0.0	1.0	1.0	0.0	0.7619047619047619	0.25	0.4	0.0	0.0	0.0	0.5	1.0	0.0	0.0	0.728778	1.718427	0.9565217391304348	0.7619047619047619	0.0	0.0	0.0	2.0	5.0	0.0	0.0	0.0	0.0	1.0	1.0	0.0	8.0	0.0	0.0
S1-445131173	source3	S3-100537967	0.436262	2	4	address_token,char_3gram_k10,name_core,rare_token	us	Luque Prairie Evolution Clinic	Luque Prairie Evolution Clinic Corp	8261 Henry Circle, Anchorage, AK	Alaska, 8261 Henry Circle, Anchorage	1	0.0	1.0	0.9714285714285714	0.8571428571428572	0.8	1.0	0.8571428571428572	0.8888888888888888	5.0	0.8571428571428571	1.0	1.0	0.0	0.0	0.6774193548387097	0.6666666666666666	0.8	0.0	0.0	1.0	1.0	4.0	0.0	0.0	0.580645	1.534562	0.8571428571428572	0.6774193548387097	0.0	0.0	0.0	4.0	12.0	0.0	1.0	0.0	0.0	1.0	1.0	1.0	2.0	0.0	0.0
S1-224345335	source2	S2-878019030	0.42978	1	4	address_token,char_3gram_k10,name_core,rare_token	us	281 Market Avenue Owners Corp	281 Market Avenue-Owners	909 Carriage Hill Road, Virginia Beach City, VA	VA, 909 CARRIAGE HLIL RD, VIRGINIA BEACH CITY	1	0.0	1.0	0.9655172413793103	0.8275862068965517	0.8	1.0	0.8275862068965517	0.8285714285714286	5.0	0.8275862068965517	1.0	1.0	0.0	0.0	0.813953488372093	0.7777777777777778	0.875	0.0	0.0	1.0	1.0	0.0	0.0	0.0	0.673617	1.64154	0.8275862068965517	0.813953488372093	0.0	0.0	0.0	4.0	12.0	0.0	1.0	0.0	0.0	1.0	1.0	1.0	1.0	0.0	0.0
S1-968546121	source3	S3-620710390	0.429551	1	2	name_core,rare_token	india	Services Wolf Gold Private Limited	Services Wolf Gold Private	Shop No.308, Town Centre Mall, Rohtak, Haryana		1	0.0	1.0	0.9529411764705882	0.7647058823529411	0.8	1.0	0.7647058823529411	0.7894736842105263	8.0	0.7647058823529411	1.0	1.0	0.0	0.0	0.0	0.0	0.0	0.0	0.0	0.0	0.0	43.0	0.0	1.0	0.0	0.764706	0.7647058823529411	0.0	0.0	0.0	0.0	2.0	9.0	0.0	1.0	0.0	0.0	1.0	0.0	0.0	1.0	0.0	0.0
S1-34942285	source2	S2-308182467	0.428619	1	4	address_token,char_3gram_k10,name_core,rare_token	india	Progressive (India) Energy LLP	Progressive (India) Energy	Gautam Buddha Nagar, Noida, Ground Floor, Block-1 Kendriya Vihar-I, Sector-51, C-254, Uttar Pradesh	C-254-, GROUND FLOOR, BTOCK-1 KENDRIYA VIHAR-I, SECTOR-51, NOIDA, Uttar Pradesh	1	0.0	1.0	0.9714285714285714	0.8571428571428572	0.75	1.0	0.8571428571428572	0.8709677419354839	4.0	0.8571428571428571	1.0	1.0	0.0	0.0	0.6666666666666667	0.7222222222222222	0.9285714285714286	0.0	0.0	1.0	1.0	20.0	3.0	0.0	0.571429	1.52381	0.8571428571428572	0.6666666666666667	0.0	0.0	0.0	4.0	12.0	0.0	1.0	0.0	0.0	1.0	1.0	1.0	1.0	0.0	0.0
S1-49708471	source3	S3-904333483	0.427531	1	4	address_token,char_3gram_k10,name_core,rare_token	india	Trivandrum Assets Pvt Ltd	Trivandrum Assets Pvt	Archeryt C 26/2046, Trivandrum, Kerala	KL, Archeryt C 26/2046, Trivandrum	1	0.0	1.0	0.968	0.84	0.75	1.0	0.84	0.8275862068965517	4.0	0.84	1.0	1.0	0.0	0.0	0.7222222222222222	0.7142857142857143	0.8333333333333334	0.0	0.0	0.0	1.0	4.0	0.0	0.0	0.606667	1.562222	0.84	0.7222222222222222	0.0	0.0	0.0	4.0	12.0	0.0	1.0	0.0	0.0	1.0	1.0	1.0	1.0	0.0	0.0
S1-942928877	source2	S2-512585561	0.425167	1	3	exact_name,name_core,rare_token	us	Preferred Square	Preferred  Square	108 Printz Street, Edinburg Town, VA		1	1.0	1.0	1.0	1.0	1.0	1.0	1.0	1.0	0.0	1.0	0.0	1.0	1.0	0.0	0.0	0.0	0.0	0.0	0.0	0.0	0.0	30.0	0.0	1.0	0.0	1.0	1.0	0.0	0.0	0.0	0.0	3.0	16.0	1.0	1.0	0.0	0.0	1.0	0.0	0.0	1.0	0.0	0.0
S1-39344603	source3	S3-325176268	0.419675	1	4	address_token,char_3gram_k10,name_core,rare_token	us	Lizbeth B. Latorre, L.C.S.W.	Lizbeth B. Latorre, L.C.S.W. LLC	30 Merchants Row, Rutland City, VT	30D Merchants Row, Rutland City, Vermont	1	0.0	1.0	0.9724137931034482	0.8620689655172413	0.875	1.0	0.8620689655172413	0.875	4.0	0.8620689655172413	1.0	1.0	0.0	0.0	0.8421052631578947	0.5	0.6666666666666666	0.0	0.0	0.0	0.0	6.0	0.0	0.0	0.725953	1.704174	0.8620689655172413	0.8421052631578947	0.0	0.0	0.0	4.0	12.0	0.0	1.0	0.0	0.0	1.0	1.0	1.0	1.0	0.0	0.0
S1-951113242	source3	S3-532651626	0.418902	1	4	address_token,char_3gram_k10,name_core,rare_token	us	Pinnacle Agricultural Digital	Pinnacle Agricultural Digital Inc.	7221 Thiel Circle, Anchorage, AK	Thiel Cir, Anchorage, Alaska	1	0.0	1.0	0.9757575757575758	0.8787878787878788	0.75	1.0	0.8787878787878788	0.8611111111111112	4.0	0.8787878787878788	1.0	1.0	0.0	0.0	0.6666666666666667	0.5	0.75	0.0	0.0	0.0	0.0	1.0	1.0	0.0	0.585859	1.545455	0.8787878787878788	0.6666666666666667	0.0	0.0	0.0	4.0	12.0	0.0	1.0	0.0	0.0	1.0	1.0	1.0	1.0	0.0	0.0
S1-387846489	source3	S3-772460178	0.414061	59	1	address_token	india	Liladhar Venture Private Limited	ventureprivate.com	Budhi Lane, Opp Shiya Masjid, Aurangabad, Maharashtra	Budhi Lane, MH, Aurangabad	1	0.0	0.0	0.6504629629629629	0.5	0.0	0.0	0.28125	0.34146341463414637	14.0	0.5625	2.0	0.0	0.0	0.0	0.4375	0.375	0.75	0.0	0.0	0.0	0.0	26.0	3.0	0.0	0.21875	0.9375	0.5	0.4375	0.0	0.0	0.0	1.0	1.0	0.0	0.0	0.0	0.0	0.0	0.0	1.0	59.0	0.0	0.0
S1-263674098	source3	S3-575255989	0.387225	77	1	address_token	india	Innovative Infotech Private Limited	ఇన్నోవేటివ్ ఇన్ఫోటెక్ ప్రైవేట్ లిమిటెడ్	87/2 Rt, 2Nd Floor, Khaleel Manzil Sindhu Travels Lane, S.R.Nagar, Hyderabad, Telangana	C-871 Rt, 2Nd Floor, Khaleel Manzil Sindhu Travels Lane, S.r.nagar, Hyderabad, TG	1	0.0	0.0	0.3904761904761905	0.08571428571428574	0.0	0.0	0.08571428571428574	0.0	0.0	1.0	13.0	0.0	0.0	0.0	0.8571428571428572	0.6666666666666666	0.8	0.0	0.0	0.0	0.0	6.0	0.0	0.0	0.073469	0.942857	0.8571428571428572	0.08571428571428574	0.0	0.0	0.0	1.0	1.0	0.0	0.0	0.0	0.0	0.0	0.0	1.0	77.0	0.0	0.0
S1-212282653	source3	S3-720531480	0.3816	1	4	char_3gram_k10,exact_name,name_core,rare_token	us	Unified Couriers	Unified  Couriers	15930 Ruby Drive, Milwaukie, OR		1	1.0	1.0	1.0	1.0	1.0	1.0	1.0	1.0	0.0	1.0	0.0	1.0	1.0	0.0	0.0	0.0	0.0	0.0	0.0	0.0	0.0	26.0	0.0	1.0	0.0	1.0	1.0	0.0	0.0	0.0	0.0	4.0	18.0	1.0	1.0	0.0	0.0	1.0	1.0	0.0	1.0	0.0	0.0
S1-749355478	source2	S2-892851656	0.376023	65	1	address_token	india	Jain Infotech Limited	ಜೈನ್ ಇನ್‌ಫೋಟೆಕ್ ಲಿಮಿಟೆಡ್	121, 1St Floor, 10Th E Main 1St Block Jayanagar, Bangalore, Karnataka	0121, 1ST FLOOR, 10TH E MAIN 1ST BLOCK JAYANAGAR, BANGALORE, Karnataka	1	0.0	0.0	0.3984126984126984	0.09523809523809523	0.0	0.0	0.09523809523809523	0.0	1.0	0.9523809523809523	7.0	0.0	0.0	0.0	0.9841269841269842	0.8181818181818182	0.9	0.0	0.0	0.0	0.0	1.0	0.0	0.0	0.093726	1.079365	0.9841269841269842	0.09523809523809523	0.0	0.0	0.0	1.0	1.0	0.0	0.0	0.0	0.0	0.0	0.0	1.0	65.0	0.0	0.0
S1-780378193	source2	S2-766526922	0.370128	1	2	char_3gram_k10,house_name	us	Innovative Modern Investments	innovative investments modern	2028 16th Street, IL, Moline	2028 16ND SAINT, MOINE, IL	1	0.0	0.0	0.9448275862068966	0.5172413793103448	1.0	1.0	1.0	1.0	0.0	1.0	0.0	1.0	0.0	0.0	0.5833333333333333	0.25	0.4	0.0	1.0	1.0	1.0	2.0	0.0	0.0	0.301724	1.100575	0.5833333333333333	0.5172413793103448	0.0	0.0	0.0	2.0	7.0	0.0	0.0	1.0	0.0	0.0	1.0	0.0	1.0	0.0	0.0
S1-129610392	source3	S3-72594968	0.362489	1	2	char_3gram_k10,rare_token	us	Ora Decker Interactive LLC	Dóbecker, Ora Interactive LLC	4250 258, Liberty Hill, TX	04250 258, Liberty Hill, Texas	1	0.0	0.0	0.9120879120879121	0.6785714285714286	0.6	0.75	0.9285714285714286	0.8285714285714286	2.0	0.9285714285714286	0.0	0.0	1.0	0.0	0.8571428571428572	0.42857142857142855	0.6	0.0	0.0	0.0	0.5	4.0	0.0	0.0	0.581633	1.535714	0.8571428571428572	0.6785714285714286	0.0	0.0	0.0	2.0	5.0	0.0	0.0	0.0	0.0	1.0	1.0	0.0	1.0	0.0	0.0
S1-163185499	source3	S3-784255158	0.359567	2	2	char_3gram_k10,rare_token	india	Anu Imf Pvt Ltd	ANU ÍMF PVT LTD	Gujarat, Plot No. A1/615, Surat, Road No. 6, G.I.D.C.	Plot No. A1/615, ગુજરાત, Surat	1	0.0	0.0	0.9733333333333334	0.9333333333333333	0.6	0.75	0.4666666666666667	1.0	0.0	1.0	0.0	1.0	1.0	0.0	0.40909090909090906	0.3333333333333333	0.625	0.0	0.0	0.0	1.0	17.0	5.0	0.0	0.381818	1.342424	0.9333333333333333	0.40909090909090906	0.0	0.0	0.0	2.0	5.0	0.0	0.0	0.0	0.0	1.0	1.0	0.0	2.0	0.0	0.0
S1-347290816	source3	S3-521426972	0.357725	1	3	address_token,char_3gram_k10,rare_token	us	Collier, Parker & Meeks Development LLC	Collier, Parker & Meeks	OH, 9190 Rosemary Lane, Mentor	Rosemary Lane, Mentor, Ohio	1	0.0	0.0	0.92	0.6	0.6666666666666666	1.0	0.6	0.627906976744186	16.0	0.6	2.0	1.0	0.0	0.0	0.5	0.5	0.75	0.0	0.0	0.0	0.0	3.0	1.0	0.0	0.3	1.1	0.6	0.5	0.0	0.0	0.0	3.0	6.0	0.0	0.0	0.0	0.0	1.0	1.0	1.0	1.0	0.0	0.0
S1-256882797	source3	S3-175092179	0.352682	89	1	address_token	india	Red Marketing Private Limited	Red Marketing Límited Center	C/O Ram Pal Jandhera, Urf Kadargarh Sarsawa, Nakur, Saharanpur, Uttar Pradesh	Nakur, C/o Ram Pal Jandhera, UP, Saharanpur	1	0.0	0.0	0.8952791461412151	0.6206896551724138	0.3333333333333333	0.5	0.4482758620689655	0.5897435897435898	1.0	0.9655172413793104	0.0	1.0	0.0	0.0	0.36986301369863017	0.5384615384615384	0.875	0.0	0.0	0.0	0.0	33.0	4.0	0.0	0.22957	0.990553	0.6206896551724138	0.36986301369863017	0.0	0.0	0.0	1.0	1.0	0.0	0.0	0.0	0.0	0.0	0.0	1.0	89.0	0.0	0.0
S1-397404237	source3	S3-901752832	0.350134	1	2	name_core,rare_token	us	Salem Youth Center Inc	Salem Youth Center	4806 Capistrano Court, Salem, OR		1	0.0	1.0	0.9636363636363636	0.8181818181818181	0.75	1.0	0.8181818181818181	0.8461538461538461	4.0	0.8181818181818182	1.0	1.0	0.0	0.0	0.0	0.0	0.0	0.0	0.0	0.0	0.0	27.0	0.0	1.0	0.0	0.818182	0.8181818181818181	0.0	0.0	0.0	0.0	2.0	9.0	0.0	1.0	0.0	0.0	1.0	0.0	0.0	1.0	0.0	0.0
S1-47732965	source3	S3-982105439	0.349075	63	1	address_token	us	Platinum Short	Platinum Center	902 Phillip Avenue, Sparta, IL	Phillip Avenue, Sparta, Illinois	1	0.0	0.0	0.8856277056277057	0.6	0.3333333333333333	0.5	0.1333333333333333	0.4	1.0	0.9333333333333333	0.0	1.0	0.0	0.0	0.6296296296296297	0.5	0.75	0.0	0.0	0.0	0.0	2.0	1.0	0.0	0.377778	1.22963	0.6296296296296297	0.6	0.0	0.0	0.0	1.0	1.0	0.0	0.0	0.0	0.0	0.0	0.0	1.0	63.0	0.0	0.0
S1-737079528	source2	S2-806399246	0.343887	1	3	address_token,char_3gram_k10,rare_token	us	Southern Pinnacle Auto Sales LLC	Southern Pinnacle Aton Sales LLC	435 Norton Road, Speedwell, TN	235 NORTON ROAD, SPEEDWELL, TN	1	0.0	0.0	0.9874999999999999	0.9375	0.6666666666666666	0.8	0.9375	0.775	0.0	1.0	0.0	1.0	1.0	0.0	0.9615384615384616	0.6666666666666666	0.8	0.0	0.0	0.0	0.0	0.0	0.0	0.0	0.901442	1.899038	0.9615384615384616	0.9375	0.0	0.0	0.0	3.0	6.0	0.0	0.0	0.0	0.0	1.0	1.0	1.0	1.0	0.0	0.0
S1-786620416	source3	S3-15694973	0.337562	10	2	address_token,rare_token	india	Modi Consultancy	M/s Modi  Consultancy	143, Bidhu Bhuson Sen Gupta Road, Lp 52/42/4/5, Kolkata, Kolkata, Howrah, West Bengal	Hn 695. 143, Bidhu Bhuson Sen Gupta Road, Lp 52/42/4/5, Kolkata, Calcutta, Howrah, WB	1	0.0	0.0	0.865	0.8	0.5	1.0	0.8	0.95	4.0	0.8	2.0	0.0	1.0	0.0	0.7631578947368421	0.6842105263157895	0.8666666666666667	0.0	0.0	1.0	1.0	2.0	1.0	0.0	0.610526	1.563158	0.8	0.7631578947368421	0.0	0.0	0.0	2.0	4.0	0.0	0.0	0.0	0.0	1.0	0.0	1.0	10.0	0.0	0.0
S1-637632381	source3	S3-987611667	0.333748	2	2	char_3gram_k10,rare_token	us	Hedvig L. Didomenico, D.C.	Hedvig L. Didomenico,	Wilmington, NC, 640 Spring Branch Road	40 Spring Branch Rd, Wilmington, North Carolina	1	0.0	0.0	0.9652173913043479	0.8260869565217391	0.6	1.0	0.8260869565217391	0.9545454545454546	4.0	0.8260869565217391	2.0	1.0	0.0	0.0	0.2682926829268293	0.4444444444444444	0.6666666666666666	0.0	0.0	0.0	0.0	7.0	1.0	0.0	0.221633	1.09438	0.8260869565217391	0.2682926829268293	0.0	0.0	0.0	2.0	5.0	0.0	0.0	0.0	0.0	1.0	1.0	0.0	2.0	0.0	0.0
S1-885740915	source2	S2-462117640	0.330221	34	1	rare_token	india	Ssr Agencies (India) LLP	Smt Ssr Agencies (India)  LLP	E-207 Amar Colony, Lajpat Nagar-Iv, New Delhi, Delhi	दिल्ली, E-207 AMAR COLONY, LAJPAT NAGAR-IV	1	0.0	0.0	0.8311188811188811	0.8461538461538461	0.8	1.0	0.8461538461538461	0.8620689655172413	4.0	0.8461538461538461	1.0	0.0	1.0	0.0	0.5510204081632653	0.6363636363636364	0.7777777777777778	0.0	0.0	0.0	1.0	10.0	0.0	0.0	0.466248	1.397174	0.8461538461538461	0.5510204081632653	0.0	0.0	0.0	1.0	3.0	0.0	0.0	0.0	0.0	1.0	0.0	0.0	34.0	0.0	0.0
S1-304386686	source3	S3-304554479	0.326123	1	4	address_token,char_3gram_k10,name_core,rare_token	us	Coastal Prairie Noble LLC	Coastal Prairie Noble	940 Nowlan Road, Fenton, Unit Lot 11, NY	0940 Nowlan Road, Unit Lot 11, Fenton, New York	1	0.0	1.0	0.968	0.84	0.75	1.0	0.84	0.8888888888888888	4.0	0.84	1.0	1.0	0.0	0.0	0.5	0.5454545454545454	0.75	0.0	0.0	0.0	0.5	7.0	1.0	0.0	0.42	1.34	0.84	0.5	0.0	0.0	0.0	4.0	12.0	0.0	1.0	0.0	0.0	1.0	1.0	1.0	1.0	0.0	0.0
S1-900223558	source2	S2-720636727	0.324985	70	1	address_token	india	Seven Finance Pvt Ltd	सेवन फाइनेंस प्रा. लि.	Mumbai, 101, May Fair, 197 Kane Road, Band Stand, Bandra (W), Mumbai City, Maharashtra	##101, MAY FAIR, 197 KANE ROAD, BAND STAND, BANDRA (W), MUMBAI, MUMBAI CITY, Maharashtra	1	0.0	0.0	0.43977591036414565	0.1428571428571429	0.0	0.0	0.1428571428571429	0.0	4.0	0.8095238095238095	4.0	0.0	0.0	0.0	0.8133333333333334	1.0	1.0	0.0	1.0	1.0	1.0	0.0	0.0	0.0	0.11619	0.95619	0.8133333333333334	0.1428571428571429	0.0	0.0	0.0	1.0	1.0	0.0	0.0	0.0	0.0	0.0	0.0	1.0	70.0	0.0	0.0
S1-363357887	source2	S2-394250231	0.319043	1	2	char_3gram_k10,rare_token	us	Ronda's Atlantic Signs Inc	Ronda's Atlantic Inc Signs	243 Linda Avenue, Baton Rouge City, LA		1	0.0	0.0	0.976	0.76	1.0	1.0	1.0	1.0	0.0	1.0	0.0	1.0	0.0	0.0	0.0	0.0	0.0	0.0	0.0	0.0	0.0	33.0	0.0	1.0	0.0	0.76	0.76	0.0	0.0	0.0	0.0	2.0	5.0	0.0	0.0	0.0	0.0	1.0	1.0	0.0	1.0	0.0	0.0
S1-504790211	source2	S2-340882825	0.305281	2	2	char_3gram_k10,rare_token	us	Crystal Lending PC	Crystal PC Lending	11643 Prosperity Road, South Jordan, UT		1	0.0	0.0	0.9555555555555556	0.6666666666666667	1.0	1.0	1.0	1.0	0.0	1.0	0.0	1.0	0.0	0.0	0.0	0.0	0.0	0.0	0.0	0.0	0.0	31.0	0.0	1.0	0.0	0.666667	0.6666666666666667	0.0	0.0	0.0	0.0	2.0	5.0	0.0	0.0	0.0	0.0	1.0	1.0	0.0	2.0	0.0	0.0
S1-934057900	source2	S2-185745027	0.295296	1	3	char_3gram_k10,name_core,rare_token	us	Nannie Young Starling LLC	Nannie Young Starling	6960 17th Street, Fargo, ND	006960 17TH ST, FARGO, ND	1	0.0	1.0	0.968	0.84	0.75	1.0	0.84	0.8214285714285714	4.0	0.84	1.0	1.0	0.0	0.0	0.9130434782608696	0.6666666666666666	0.8	0.0	0.0	0.0	0.0	2.0	0.0	0.0	0.766957	1.753043	0.9130434782608696	0.84	0.0	0.0	0.0	3.0	11.0	0.0	1.0	0.0	0.0	1.0	1.0	0.0	1.0	0.0	0.0
S1-5556228	source2	S2-639886738	0.292278	75	1	address_token	india	Prime Food Private Limited	ప్రైమ్ ఫుడ్ ప్రైవేట్ లిమిటెడ్	H.No.2-53, Bhavani Nagar, Tennuboddavara, S Kota, Vizianagaram, Andhra Pradesh	H.NO.2-53, BHAVANI NAGAR, TENNUBODDAVARA, VISAKHAPATNAM, VIZIANAGARAM, ఆంధ్రప్రదేశ్	1	0.0	0.0	0.4117948717948718	0.11538461538461542	0.0	0.0	0.11538461538461542	0.0	1.0	0.9615384615384616	9.0	0.0	0.0	0.0	0.7142857142857143	0.4444444444444444	0.6666666666666666	0.0	1.0	0.0	1.0	4.0	2.0	0.0	0.082418	0.82967	0.7142857142857143	0.11538461538461542	0.0	0.0	0.0	1.0	1.0	0.0	0.0	0.0	0.0	0.0	0.0	1.0	75.0	0.0	0.0
S1-537121104	source3	S3-753068311	0.287048	1	3	char_3gram_k10,name_core,rare_token	india	EM Beneficial Pvt. Ltd.	EM Beneficial [Pvt.]	Ground Floor 1448, Sector-6, Karnal, Haryana	Karnal, Ground Floor 448, Karnal, हरियाणा	1	0.0	1.0	0.9619047619047618	0.8095238095238095	0.75	1.0	0.8095238095238095	0.8333333333333334	4.0	0.8095238095238095	1.0	1.0	0.0	0.0	0.368421052631579	0.2727272727272727	0.42857142857142855	0.0	0.0	0.0	0.0	4.0	1.0	0.0	0.298246	1.177945	0.8095238095238095	0.368421052631579	0.0	0.0	0.0	3.0	11.0	0.0	1.0	0.0	0.0	1.0	1.0	0.0	1.0	0.0	0.0
S1-622241555	source2	S2-353265017	0.285043	74	1	address_token	india	New Delhi India	@newde1hi	Central Delhi, 37/8 E.V Charging, Delhi, Old Rajinder Nagar, New Delhi	DOOR NO #37/8 E.V CHARGING, OLD RAJINDER NAGAR, NEW DELHI, Delhi	1	0.0	0.0	0.8463888888888889	0.4666666666666667	0.0	0.0	0.1333333333333333	0.21739130434782608	7.0	0.5333333333333333	2.0	0.0	0.0	0.0	0.6515151515151515	0.7692307692307693	0.9090909090909091	0.0	0.0	0.0	1.0	6.0	0.0	0.0	0.30404	1.118182	0.6515151515151515	0.4666666666666667	0.0	0.0	0.0	1.0	1.0	0.0	0.0	0.0	0.0	0.0	0.0	1.0	74.0	0.0	0.0
S1-608383690	source3	S3-516289749	0.270275	77	1	address_token	india	Eastern Exports LLP	ईस्टर्न एक्सपोर्ट्स एलएलपी	21, Sriram Roadcivil Lines, New Delhi, Delhi	H.no 468 21, New Delhi, Sriram Roadcivil Lines, दिल्ली	1	0.0	0.0	0.3950877192982456	0.07999999999999996	0.0	0.0	0.07999999999999996	0.0	6.0	0.76	6.0	0.0	0.0	0.0	0.36	0.5454545454545454	1.0	0.0	0.0	1.0	1.0	9.0	5.0	0.0	0.0288	0.44	0.36	0.07999999999999996	0.0	0.0	0.0	1.0	1.0	0.0	0.0	0.0	0.0	0.0	0.0	1.0	77.0	0.0	0.0
S1-878079632	source3	S3-418287157	0.262098	1	3	address_token,char_3gram_k10,name_core	us	Smart Medical Works Inc	Smart Medical  Works	620 Hogan Road, Nashville, TN	0620 Hogan Rd, Nashville, Tennessee	1	0.0	1.0	0.9652173913043479	0.8260869565217391	0.75	1.0	0.8260869565217391	0.8148148148148148	4.0	0.8260869565217391	1.0	1.0	0.0	0.0	0.7575757575757576	0.42857142857142855	0.6	0.0	0.0	0.0	0.0	8.0	0.0	0.0	0.625823	1.583663	0.8260869565217391	0.7575757575757576	0.0	0.0	0.0	3.0	9.0	0.0	1.0	0.0	0.0	0.0	1.0	1.0	1.0	0.0	0.0
S1-933623242	source2	S2-130744565	0.259881	79	1	address_token	india	Great It Limited	ಗ್ರೇಟ್ ಐಟಿ ಲಿಮಿಟೆಡ್	Kalyani Apartmentsk.R. Street Bharat Nagar, Shahapur, Belgaum, Karnataka	BELGAUM, KALYANI APARTMENTSK.R. STREET BHARAT NAGAR, SHAHAPUR, ಕರ್ನಾಟಕ	1	0.0	0.0	0.4166666666666667	0.125	0.0	0.0	0.125	0.0	0.0	1.0	5.0	0.0	0.0	0.0	0.625	0.6666666666666666	0.8888888888888888	0.0	0.0	0.0	0.0	2.0	2.0	0.0	0.078125	0.75	0.625	0.125	0.0	0.0	0.0	1.0	1.0	0.0	0.0	0.0	0.0	0.0	0.0	1.0	79.0	0.0	0.0
S1-740472378	source2	S2-193000503	0.254484	1	3	address_token,char_3gram_k10,rare_token	us	Whetsell Royal Cross LLC	Services Whetsell Cross LLC	204 Redwood Avenue, Dothan, AL	REDWOOD AVENUE, <NULL>, DOTHAN, AL	1	0.0	0.0	0.7246913580246913	0.4444444444444444	0.6	0.75	0.7407407407407407	0.5757575757575758	3.0	0.8888888888888888	0.0	0.0	1.0	0.0	0.6538461538461539	0.6666666666666666	0.8	0.0	0.0	0.0	0.0	1.0	0.0	0.0	0.290598	1.098291	0.6538461538461539	0.4444444444444444	0.0	0.0	0.0	3.0	6.0	0.0	0.0	0.0	0.0	1.0	1.0	1.0	1.0	0.0	0.0
S1-321082989	source3	S3-968674045	0.25084	1	4	char_3gram_k10,exact_name,name_core,rare_token	us	Bores, Brancato and Mcbrayer Polestar	Bores, Brancato and Mcbrayer Polestar	NY, Buffalo, 331 Breckenridge Street	31 Breckenridge Street, Bufalo, New York	1	1.0	1.0	1.0	1.0	1.0	1.0	1.0	1.0	0.0	1.0	0.0	1.0	1.0	0.0	0.17647058823529416	0.2222222222222222	0.4	0.0	0.0	0.0	0.0	4.0	1.0	0.0	0.176471	1.176471	1.0	0.17647058823529416	0.0	0.0	0.0	4.0	18.0	1.0	1.0	0.0	0.0	1.0	1.0	0.0	1.0	0.0	0.0
S1-106042723	source2	S2-81427064	0.249579	1	2	address_token,char_3gram_k10	us	Lewis Express Two	Lewis Express 2	3019 Old Gamber Road, Finksburg, MD	03019 OLD GAMBER ROAD, FINKSSBURG, MD	1	0.0	0.0	0.9513725490196078	0.8235294117647058	0.5	0.6666666666666666	0.6470588235294117	0.7142857142857143	2.0	0.8823529411764706	0.0	1.0	0.0	0.0	0.9393939393939394	0.5	0.6666666666666666	0.0	0.0	0.0	0.0	2.0	0.0	0.0	0.773619	1.762923	0.9393939393939394	0.8235294117647058	0.0	0.0	0.0	2.0	3.0	0.0	0.0	0.0	0.0	0.0	1.0	1.0	1.0	0.0	0.0
S1-939042629	source2	S2-810777878	0.245739	8	2	address_token,rare_token	us	Paex Australian	Paex Áustralian	3883 Charter Oak Way, Columbus, OH	3883B CHARTER OAK WAY, COLUMBS, OH	1	0.0	0.0	0.9161904761904762	0.9333333333333333	0.3333333333333333	0.5	0.33333333333333337	1.0	0.0	1.0	0.0	1.0	0.0	0.0	0.9375	0.5	0.6666666666666666	0.0	0.0	0.0	0.0	0.0	0.0	0.0	0.875	1.870833	0.9375	0.9333333333333333	0.0	0.0	0.0	2.0	4.0	0.0	0.0	0.0	0.0	1.0	0.0	1.0	8.0	0.0	0.0
S1-102945390	source3	S3-646030079	0.243432	71	1	address_token	india	Pune City Cold Private Limited	Pune City C01d Private (Limited)	Office No. A-406, Forth Floor, Building Name - The Stellar, Laxmi Chowk Road, Pune City, Pune, Maharashtra	Door No 253 Office No. A-406, Forth Floor, Building Name - The Stellar, Laxmi Chowk Road, Pune City, Pune, MH	1	0.0	0.0	0.9376190476190477	0.9333333333333333	0.6666666666666666	0.8	0.8	0.7777777777777778	0.0	1.0	0.0	1.0	1.0	0.0	0.7692307692307692	0.7894736842105263	0.9375	0.0	0.0	0.0	1.0	3.0	3.0	0.0	0.717949	1.702564	0.9333333333333333	0.7692307692307692	0.0	0.0	0.0	1.0	1.0	0.0	0.0	0.0	0.0	0.0	0.0	1.0	71.0	0.0	0.0
S1-953470089	source3	S3-300254136	0.232118	3	2	address_token,char_3gram_k10	india	Tirupati Systems Limited	Sri Tirupati Systems  Limited	C/O Mangesh Waman Nirantar, Shop No. G-1, F-Building, Kasliwal Suvarnayog, Garkhed, A, Aurangabad, Maharashtra	C/o Mangesh Waman Nirantar, Shop No. G-1, F-building, Kasliwal Suvarnayog, Garkhed, A, Aurangabad, MH	1	0.0	0.0	0.8134920634920636	0.8571428571428572	0.75	1.0	0.8571428571428572	0.896551724137931	4.0	0.8571428571428571	1.0	0.0	1.0	0.0	0.9081632653061225	0.8888888888888888	0.9411764705882353	0.0	0.0	0.0	1.0	9.0	0.0	0.0	0.778426	1.765306	0.9081632653061225	0.8571428571428572	0.0	0.0	0.0	2.0	3.0	0.0	0.0	0.0	0.0	0.0	1.0	1.0	3.0	0.0	0.0
S1-43043013	source2	S2-840267891	0.229984	1	3	address_token,char_3gram_k10,rare_token	us	Sadyna Inc	sadyna.com	1633 Wesbourne Drive, Upper Marlboro, MD	1633C WESBOURNE DR, UPPER MARLBORO, MD	1	0.0	0.0	0.92	0.7	0.3333333333333333	0.5	0.7	0.5294117647058824	0.0	1.0	0.0	1.0	0.0	0.0	0.9722222222222222	0.7142857142857143	0.8333333333333334	0.0	0.0	0.0	0.0	1.0	0.0	0.0	0.680556	1.672222	0.9722222222222222	0.7	0.0	0.0	0.0	3.0	6.0	0.0	0.0	0.0	0.0	1.0	1.0	1.0	1.0	0.0	0.0
S1-635510698	source2	S2-163962891	0.229233	1	3	char_3gram_k10,name_core,rare_token	us	Valdez Custom Braemar LLC	Valdez Custom Braemar	15 Clear Bead Court, Clayton, NC	23 CLEAR BEAD COURT, CLAYTON, NC	1	0.0	1.0	0.968	0.84	0.75	1.0	0.84	0.8620689655172413	4.0	0.84	1.0	1.0	0.0	0.0	0.9259259259259259	0.7142857142857143	0.8333333333333334	0.0	0.0	0.0	0.0	0.0	0.0	0.0	0.777778	1.765926	0.9259259259259259	0.84	0.0	0.0	0.0	3.0	11.0	0.0	1.0	0.0	0.0	1.0	1.0	0.0	1.0	0.0	0.0
S1-612743416	source3	S3-175454102	0.225115	1	2	house_name,rare_token	us	Ace Bright Biologics Associates	Ace Bright Biologics Ássociates Corporation	426 14th, Paris, TX	426 Fourteenth, Paris, Texas	1	0.0	0.0	0.9183795948987247	0.6976744186046512	0.5	0.75	0.3023255813953488	0.717391304347826	12.0	0.7209302325581395	1.0	1.0	0.0	0.0	0.5769230769230769	0.3333333333333333	0.5	0.0	1.0	1.0	1.0	9.0	0.0	0.0	0.402504	1.274597	0.6976744186046512	0.5769230769230769	0.0	0.0	0.0	2.0	8.0	0.0	0.0	1.0	0.0	1.0	0.0	0.0	1.0	0.0	0.0
S1-240171889	source2	S2-924286514	0.218559	61	1	address_token	india	Laxmi Investments Private Limited	ଲକ୍ଷ୍ମୀ ଇନଭେଷ୍ଟମେଣ୍ଟସ୍ ପ୍ରାଇଭେଟ୍ ଲିମିଟେଡ୍	Fl-474, Northern, Heights Kalarahanga, Bhubaneswar, Khordha, Orissa	FL-474, NORTHERN, HEIGHTS KALARAHANGA, BHUBANESWAR, KHORDHA, Odisha	1	0.0	0.0	0.3906633906633907	0.08108108108108103	0.0	0.0	0.09090909090909094	0.0	4.0	0.8918918918918919	12.0	0.0	0.0	0.0	0.967741935483871	0.7777777777777778	0.875	0.0	0.0	0.0	1.0	0.0	0.0	0.0	0.078466	1.048823	0.967741935483871	0.08108108108108103	0.0	0.0	0.0	1.0	1.0	0.0	0.0	0.0	0.0	0.0	0.0	1.0	61.0	0.0	0.0
S1-441821984	source3	S3-890496189	0.211195	2	2	char_3gram_k10,rare_token	india	Balaji Finance Pvt Ltd	Balaji Finance Ltd Pvt (ID: 85000)	East Delhi, B-32, Delhi, U/G/F/B/S Office No.1, 1St Floor, Subhash Chowk, Near Hira Sweets, Vikas Marg, Lax, Mi Nagar, New Delhi	#D/176 B-32, DL, East Delhi, Preet Vihar	1	0.0	0.0	0.9146627565982405	0.6129032258064516	0.6666666666666666	1.0	0.7096774193548387	0.7714285714285715	9.0	0.7096774193548387	2.0	1.0	0.0	0.0	0.2142857142857143	0.13793103448275862	0.4444444444444444	0.0	0.0	0.0	0.5	79.0	18.0	0.0	0.131336	0.827189	0.6129032258064516	0.2142857142857143	0.0	0.0	0.0	2.0	5.0	0.0	0.0	0.0	0.0	1.0	1.0	0.0	2.0	0.0	0.0
S1-595246384	source2	S2-261144736	0.210421	52	1	char_3gram_k10	us	Thompson Staking, LLC	>> #thompsonstaking	409 87th Place, Chicago, IL	87RD PLACE, CHICAGOCDP, IL	1	0.0	0.0	0.95	0.75	0.0	0.0	0.15000000000000002	0.5769230769230769	5.0	0.75	2.0	0.0	0.0	0.0	0.5909090909090908	0.2857142857142857	0.5	0.0	0.0	0.0	0.0	1.0	1.0	0.0	0.443182	1.340909	0.75	0.5909090909090908	0.0	0.0	0.0	1.0	2.0	0.0	0.0	0.0	0.0	0.0	1.0	0.0	52.0	0.0	0.0
S1-178206037	source2	S2-238463399	0.198518	1	3	address_token,char_3gram_k10,rare_token	india	Rushil Erectors (India) Private Limited	Rushil (India) Private Limited Services	Ano-338 Plot No- Prakash Enclave, Chakeri, Hal Colony, Kanpur Nagar, Uttar Pradesh	ANO-3-38 PLOT NO- PRAKASH ENCLAVE, CHAKERI, HAL COLONY, Uttar Pradesh	1	0.0	0.0	0.884029484029484	0.5135135135135135	0.6666666666666666	0.8	0.5135135135135135	0.673469387755102	0.0	1.0	0.0	1.0	0.0	0.0	0.8181818181818181	0.6666666666666666	0.8333333333333334	0.0	0.0	0.0	0.0	12.0	1.0	0.0	0.420147	1.331695	0.8181818181818181	0.5135135135135135	0.0	0.0	0.0	3.0	6.0	0.0	0.0	0.0	0.0	1.0	1.0	1.0	1.0	0.0	0.0
S1-327143985	source3	S3-249260652	0.194977	1	3	address_token,char_3gram_k10,rare_token	us	Mammen Choice Park LLC	The Mammen Choice Park LLC	300 Sheffield Court, Tipton, IN	0300 Sheffield Ct, Tipton, Indiana	1	0.0	0.0	0.8123543123543123	0.8461538461538461	0.8	1.0	0.8461538461538461	0.8666666666666667	4.0	0.8461538461538461	1.0	0.0	1.0	0.0	0.8125	0.42857142857142855	0.6	0.0	0.0	0.0	0.0	6.0	0.0	0.0	0.6875	1.658654	0.8461538461538461	0.8125	0.0	0.0	0.0	3.0	6.0	0.0	0.0	0.0	0.0	1.0	1.0	1.0	1.0	0.0	0.0
S1-544301844	source3	S3-752659566	0.184211	61	1	address_token	india	Ss Hospitality	એસએસ હોસ્પિટાલિટી	Plot No 9 Kumbhrwada Gadhechiroad, Bhavnagar, Gujarat	Plot No 9 Kubmhrwada Gadhechiroad, Bhavnagar, GJ	1	0.0	0.0	0.37797619047619047	0.0625	0.0	0.0	0.0	0.0	2.0	0.875	5.0	0.0	0.0	0.0	0.8627450980392157	0.5555555555555556	0.7142857142857143	0.0	1.0	1.0	1.0	5.0	0.0	0.0	0.053922	0.925245	0.8627450980392157	0.0625	0.0	0.0	0.0	1.0	1.0	0.0	0.0	0.0	0.0	0.0	0.0	1.0	61.0	0.0	0.0
S1-461144982	source3	S3-803606560	0.181125	10	2	address_token,rare_token	india	Vandana International School	Services International Vandana	Peoplei, D59/365B, Shivpurva, Varanasi, Uttar Pradesh	Plot 604 Peoplei, UP, Varanasi, D59/365b, Shivpurva, Varanasi	1	0.0	0.0	0.626984126984127	0.5	0.5	0.6666666666666666	0.7666666666666666	0.6410256410256411	2.0	0.9333333333333333	0.0	0.0	0.0	0.0	0.375	0.5	0.7142857142857143	0.0	0.0	0.0	0.0	7.0	2.0	0.0	0.1875	0.875	0.5	0.375	0.0	0.0	0.0	2.0	4.0	0.0	0.0	0.0	0.0	1.0	0.0	1.0	10.0	0.0	0.0
S1-767282763	source3	S3-800199131	0.176888	16	1	rare_token	us	Leix Rocky Security Services Inc.	Leix Rocky 5ecurity Services Inc.	1162 Crawford Road, Rock Hill, SC	116 Crawford Rd, Rock Hill, South Carolina	1	0.0	0.0	0.9358870967741936	0.96875	0.6666666666666666	0.8	0.4375	0.8918918918918919	0.0	1.0	0.0	1.0	1.0	0.0	0.75	0.4444444444444444	0.6666666666666666	0.0	0.0	0.0	0.0	7.0	1.0	0.0	0.726562	1.71875	0.96875	0.75	0.0	0.0	0.0	1.0	3.0	0.0	0.0	0.0	0.0	1.0	0.0	0.0	16.0	0.0	0.0
S1-402561445	source2	S2-735427211	0.174567	62	1	address_token	india	Universal Systems Private Limited	യൂണിവേഴ്സൽ സിസ്റ്റംസ് പ്രൈവറ്റ് ലിമിറ്റഡ്	Kerala, Ernakulam, Palliport P.O, Door No.3/920 Near Mini Harbour	DOOR NO 3/920 NEAR MINI HARBOUR, PALLIPORT P.O, ERNAKULAM, Kerala	1	0.0	0.0	0.38995215311004783	0.07894736842105265	0.0	0.0	0.09090909090909094	0.0	5.0	0.868421052631579	14.0	0.0	0.0	0.0	0.19354838709677424	1.0	1.0	0.0	1.0	0.0	1.0	0.0	0.0	0.0	0.01528	0.272496	0.19354838709677424	0.07894736842105265	0.0	0.0	0.0	1.0	1.0	0.0	0.0	0.0	0.0	0.0	0.0	1.0	62.0	0.0	0.0
S1-389117762	source3	S3-757497470	0.172852	2	1	rare_token	us	Catherina Matus Signature Stifel LLC	Catherina Matus Signature	1220 Lake Avenue, Roland Park, MD		1	0.0	0.0	0.938888888888889	0.6944444444444444	0.6	1.0	0.6944444444444444	0.7297297297297297	11.0	0.6944444444444444	2.0	1.0	0.0	0.0	0.0	0.0	0.0	0.0	0.0	0.0	0.0	28.0	0.0	1.0	0.0	0.694444	0.6944444444444444	0.0	0.0	0.0	0.0	1.0	3.0	0.0	0.0	0.0	0.0	1.0	0.0	0.0	2.0	0.0	0.0
S1-315461446	source2	S2-514673779	0.155135	74	1	address_token	india	Shyam Software Private Limited	শ্যাম সফটওয়্যার প্রাইভেট লিমিটেড	C/O: Apurba Nanda Das Chakladar 30, Howrah, West Bengal, Howrah, Subinoy Ghosh Sarani, G.I.P. Colony	C/O: APURBA NNADA DAS CHAKLADAR 30., HOWRAH, পশ্চিমবঙ্গ	1	0.0	0.0	0.3979166666666667	0.09375	0.0	0.0	0.09999999999999998	0.0	2.0	0.9375	10.0	0.0	0.0	0.0	0.4666666666666667	0.3181818181818182	0.5833333333333334	0.0	0.0	0.0	1.0	39.0	6.0	0.0	0.04375	0.560417	0.4666666666666667	0.09375	0.0	0.0	0.0	1.0	1.0	0.0	0.0	0.0	0.0	0.0	0.0	1.0	74.0	0.0	0.0
S1-174758675	source3	S3-266973130	0.149144	1	2	address_token,rare_token	us	Phillis Rios Quantum	Phillis Rios	1091 Addice Way, Cincinnati, OH	Addice Way, Cincinnati, Ohio	1	0.0	0.0	0.92	0.6	0.6666666666666666	1.0	0.6	0.6086956521739131	8.0	0.6	1.0	1.0	0.0	0.0	0.7586206896551724	0.5	0.75	0.0	0.0	0.0	0.0	3.0	1.0	0.0	0.455172	1.358621	0.7586206896551724	0.6	0.0	0.0	0.0	2.0	4.0	0.0	0.0	0.0	0.0	1.0	0.0	1.0	1.0	0.0	0.0
S1-90406410	source2	S2-649681176	0.145128	73	1	address_token	india	White Care LLP	വൈറ്റ് കെയർ എൽഎൽപി	Ka14/391-393 Kannothumchal, P.O.Chovva, Kannur, Kerala	BLOKC E-290 KA14/391-393 KANNOTHUMCHAL, KANNUR, Kerala	1	0.0	0.0	0.4226190476190476	0.125	0.0	0.0	0.0	0.0	2.0	0.875	3.0	0.0	0.0	0.0	0.5576923076923077	0.5	0.6666666666666666	0.0	0.0	0.0	1.0	1.0	0.0	0.0	0.069712	0.682692	0.5576923076923077	0.125	0.0	0.0	0.0	1.0	1.0	0.0	0.0	0.0	0.0	0.0	0.0	1.0	73.0	0.0	0.0
S1-970216585	source2	S2-173193465	0.136294	89	1	address_token	india	Sky Products Private Limited	स्काई प्रोडक्ट्स प्राइवेट लिमिटेड	B1004, Charm Heritage, Tavripada Barve Goan, Kalyan, Thane, Maharashtra	B1004, CHARM HERITAGE, TAVRIPADA BARVE GOAN, THANE, Maharashtra	1	0.0	0.0	0.39935064935064934	0.09090909090909094	0.0	0.0	0.1071428571428571	0.0	5.0	0.8484848484848485	12.0	0.0	0.0	0.0	0.8939393939393939	0.8888888888888888	1.0	0.0	0.0	0.0	0.0	7.0	1.0	0.0	0.081267	0.984848	0.8939393939393939	0.09090909090909094	0.0	0.0	0.0	1.0	1.0	0.0	0.0	0.0	0.0	0.0	0.0	1.0	89.0	0.0	0.0
S1-607169532	source2	S2-247911590	0.13546	1	3	address_token,char_3gram_k10,rare_token	us	Leanna Ochoa Devices LLC	Leanna 0choa Dévices LLC	144 Damron Street, Grayson, KY	44 DAMRON ST, GRAYSON, KY	1	0.0	0.0	0.9393939393939393	0.9166666666666666	0.3333333333333333	0.5	0.45833333333333337	0.8	0.0	1.0	0.0	1.0	1.0	0.0	0.9583333333333334	0.6666666666666666	0.8	0.0	0.0	0.0	0.0	1.0	0.0	0.0	0.878472	1.875	0.9583333333333334	0.9166666666666666	0.0	0.0	0.0	3.0	6.0	0.0	0.0	0.0	0.0	1.0	1.0	1.0	1.0	0.0	0.0
S1-682076342	source3	S3-656251264	0.132824	1	3	address_token,char_3gram_k10,rare_token	india	Ruler Handlers Limited	M/s Ruler Limited Partners	Plot No. 473 Ecp Canal Road, Near Conserva Chem Village Luna Ta. Padra, Dist. Vadodara, Luna, Vadodara, Gujarat	Plot No. G-473 Ecp Canal Road, Luna, Vadodara, ગુજરાત	1	0.0	0.0	0.6886816886816888	0.3076923076923077	0.3333333333333333	0.6666666666666666	0.34615384615384615	0.5625	4.0	0.8461538461538461	2.0	0.0	0.0	0.0	0.38613861386138615	0.4	0.6666666666666666	0.0	0.0	1.0	1.0	54.0	6.0	0.0	0.118812	0.693831	0.38613861386138615	0.3076923076923077	0.0	0.0	0.0	3.0	6.0	0.0	0.0	0.0	0.0	1.0	1.0	1.0	1.0	0.0	0.0
S1-955039089	source3	S3-402097369	0.12439	4	2	char_3gram_k10,rare_token	us	Cooper, Mcgovern & Ascencio LLC	Cooper,  Mcgovern &	3730 Sunset Manor Lane, Katy, TX	3581 Sunst Manor Ln, Katy, Texas	1	0.0	0.0	0.9187500000000001	0.59375	0.6	1.0	0.59375	0.6388888888888888	13.0	0.59375	2.0	1.0	0.0	0.0	0.7666666666666666	0.3333333333333333	0.5	0.0	0.0	0.0	0.0	2.0	0.0	0.0	0.455208	1.360417	0.7666666666666666	0.59375	0.0	0.0	0.0	2.0	5.0	0.0	0.0	0.0	0.0	1.0	1.0	0.0	4.0	0.0	0.0
S1-597789322	source2	S2-803321173	0.121245	63	1	address_token	india	Sunrise Consultants	सनराइज कंसल्टेंट्स	Microtek Greenburg, Sector 86, Narsinghpur, Gurgaon, Haryana	MICROTEK GREENBURG, NARSINGHPUR, GURGAON, Haryana	1	0.0	0.0	0.370485036119711	0.052631578947368474	0.0	0.0	0.052631578947368474	0.0	2.0	0.8947368421052632	5.0	0.0	0.0	0.0	0.8214285714285714	0.7142857142857143	1.0	0.0	0.0	0.0	0.0	10.0	2.0	0.0	0.043233	0.87406	0.8214285714285714	0.052631578947368474	0.0	0.0	0.0	1.0	1.0	0.0	0.0	0.0	0.0	0.0	0.0	1.0	63.0	0.0	0.0
S1-304386686	source3	S3-224356782	0.11868	42	1	rare_token	us	Coastal Prairie Noble LLC	Coastal Prairie Prairie Noble LLC	940 Nowlan Road, Fenton, Unit Lot 11, NY		1	0.0	0.0	0.9275151515151515	0.7575757575757576	1.0	1.0	1.0	1.0	8.0	0.7575757575757576	1.0	1.0	1.0	0.0	0.0	0.0	0.0	0.0	0.0	0.0	0.0	35.0	0.0	1.0	0.0	0.757576	0.7575757575757576	0.0	0.0	0.0	0.0	1.0	3.0	0.0	0.0	0.0	0.0	1.0	0.0	0.0	42.0	0.0	0.0
S1-50157089	source3	S3-462344114	0.11064	9	2	address_token,char_3gram_k10	us	Economic Development Guild III LLC	*** Economic Development Guild III LLC Council	939 Westchester Circle, Hendersonville, TN	Hendersonville, 940 Westchester Cir, Tennessee	1	0.0	0.0	0.9619047619047618	0.8095238095238095	0.8333333333333334	1.0	0.8095238095238095	0.8372093023255814	8.0	0.8095238095238095	1.0	1.0	0.0	0.0	0.34090909090909094	0.42857142857142855	0.6	0.0	0.0	0.0	0.0	7.0	0.0	0.0	0.275974	1.150433	0.8095238095238095	0.34090909090909094	0.0	0.0	0.0	2.0	3.0	0.0	0.0	0.0	0.0	0.0	1.0	1.0	9.0	0.0	0.0
S1-745450749	source3	S3-997451038	0.099215	16	1	address_token	india	Oki Therapy (India)	Drexmira One	12 Thakurdas Banerjee Road, Kolkata, North 24 Parganas, West Bengal	Kolkata, West Bengal, North 24 Parganas, 12 Thakurdas Banerjee Road	1	0.0	0.0	0.5065359477124183	0.23529411764705888	0.0	0.0	0.11764705882352944	0.06060606060606061	5.0	0.7058823529411765	1.0	0.0	0.0	0.0	0.19999999999999996	1.0	1.0	0.0	0.0	1.0	1.0	0.0	0.0	0.0	0.047059	0.435294	0.23529411764705888	0.19999999999999996	0.0	0.0	0.0	1.0	1.0	0.0	0.0	0.0	0.0	0.0	0.0	1.0	16.0	0.0	0.0
S1-537417002	source3	S3-100341802	0.097006	50	1	rare_token	india	Steels Institute Limited	Steels Inisturet Limited	C/O Bharat Lal Arnoda, Mangrol, Chittorgarh, Rajasthan	C/o Bharat Lal Arnoda, Mangrol, Chittorgarh, राजस्थान	1	0.0	0.0	0.9398550724637682	0.7916666666666666	0.5	0.6666666666666666	0.7916666666666666	0.5	0.0	1.0	0.0	1.0	1.0	0.0	0.8235294117647058	0.5833333333333334	0.875	0.0	0.0	0.0	0.0	1.0	3.0	0.0	0.651961	1.615196	0.8235294117647058	0.7916666666666666	0.0	0.0	0.0	1.0	3.0	0.0	0.0	0.0	0.0	1.0	0.0	0.0	50.0	0.0	0.0
S1-918043867	source3	S3-810946157	0.093286	1	2	address_token,rare_token	india	Aathi Trading Limited	Aathi Tsrrdging Limited	610 Arneja Cornersector 17 Vashi, New Mumbai, Maharashtra	6-10 Arneja Cornersector 17 Vashi, महाराष्ट्र	1	0.0	0.0	0.9543892339544513	0.8695652173913043	0.5	0.6666666666666666	0.8695652173913043	0.625	2.0	0.9130434782608695	0.0	1.0	1.0	0.0	0.6181818181818182	0.2857142857142857	0.5	0.0	0.0	0.0	0.5	11.0	3.0	0.0	0.537549	1.487747	0.8695652173913043	0.6181818181818182	0.0	0.0	0.0	2.0	4.0	0.0	0.0	0.0	0.0	1.0	0.0	1.0	1.0	0.0	0.0
S1-740096526	source2	S2-842917857	0.090388	1	3	address_token,char_3gram_k10,rare_token	us	Mimi M. Estevez, CPA	M. MIMI ESIHVMEIZ, CPA	20 Hobart Street, Welch, WV	HOBART ST, WECH, WV	1	0.0	0.0	0.8691666666666668	0.65	0.6	0.75	0.8	0.48148148148148145	2.0	0.9	0.0	0.0	1.0	0.0	0.8095238095238095	0.5	0.75	0.0	0.0	0.0	0.0	4.0	1.0	0.0	0.52619	1.459524	0.8095238095238095	0.65	0.0	0.0	0.0	3.0	6.0	0.0	0.0	0.0	0.0	1.0	1.0	1.0	1.0	0.0	0.0
S1-721346891	source3	S3-503941566	0.087306	2	2	char_3gram_k10,rare_token	us	Wojciechowski Federation	Wojciechowski Ffdesatison	610 Pennsylvania Avenue, Deer Lodge, MT	Montana, Deer Lodge, 61 Pennsylvania Ave	1	0.0	0.0	0.9502424242424242	0.88	0.3333333333333333	0.5	0.88	0.5277777777777778	1.0	0.96	0.0	1.0	0.0	0.0	0.13157894736842102	0.5	0.6666666666666666	0.0	0.0	0.0	0.0	4.0	0.0	0.0	0.115789	1.011579	0.88	0.13157894736842102	0.0	0.0	0.0	2.0	5.0	0.0	0.0	0.0	0.0	1.0	1.0	0.0	2.0	0.0	0.0
S1-770646700	source3	S3-579873066	0.07666	58	1	address_token	us	N 6 H Block LLC	N 6 H	8104 Brookgate Terrace, Unit 206, Raleigh, NC	8104 Brookgate Terrace, PO Box 7848, Raleigh, North Carolina	1	0.0	0.0	0.8666666666666666	0.33333333333333337	0.6	1.0	0.33333333333333337	0.2	10.0	0.3333333333333333	2.0	1.0	0.0	0.0	0.6326530612244898	0.3333333333333333	0.5714285714285714	0.0	1.0	1.0	0.5	11.0	2.0	0.0	0.210884	0.965986	0.6326530612244898	0.33333333333333337	0.0	0.0	0.0	1.0	1.0	0.0	0.0	0.0	0.0	0.0	0.0	1.0	58.0	0.0	0.0
S1-506024119	source3	S3-472106073	0.075043	53	1	char_3gram_k10	us	Hamilton Education Legacy Ministries LLC	Hamilton Ministries Legacy Education LLC	4434 Muhlhauser Road, Unit 200, Hamilton, OH		1	0.0	0.0	0.9400000000000001	0.6	1.0	1.0	1.0	1.0	0.0	1.0	0.0	1.0	1.0	0.0	0.0	0.0	0.0	0.0	0.0	0.0	0.0	39.0	0.0	1.0	0.0	0.6	0.6	0.0	0.0	0.0	0.0	1.0	2.0	0.0	0.0	0.0	0.0	0.0	1.0	0.0	53.0	0.0	0.0
S1-251863044	source3	S3-402570053	0.072451	3	2	address_token,rare_token	us	Vinet LLC	Vinet LLC Cénter	3168 Bumpnose Road, Marianna, FL	Bumpnose Rd, Florida, Mairanna	1	0.0	0.0	0.9125	0.5625	0.6666666666666666	1.0	0.5625	0.631578947368421	7.0	0.5625	1.0	1.0	0.0	0.0	0.3928571428571429	0.2857142857142857	0.5	0.0	0.0	0.0	0.0	0.0	1.0	0.0	0.220982	0.955357	0.5625	0.3928571428571429	0.0	0.0	0.0	2.0	4.0	0.0	0.0	0.0	0.0	1.0	0.0	1.0	3.0	0.0	0.0
S1-238485383	source3	S3-218669599	0.069567	3	2	char_3gram_k10,rare_token	india	Suman Health Private Limited	Pardivlle Suman Health Limited	Pune, Maharashtra, 878, Pune, Boottee Street	Pune, MH, Pune, Block B-57 878	1	0.0	0.0	0.831305114638448	0.4	0.6	0.75	0.8666666666666667	0.6097560975609756	2.0	0.9333333333333333	0.0	0.0	1.0	0.0	0.33333333333333337	0.2222222222222222	0.4	0.0	0.0	0.0	1.0	9.0	1.0	0.0	0.133333	0.733333	0.4	0.33333333333333337	0.0	0.0	0.0	2.0	5.0	0.0	0.0	0.0	0.0	1.0	1.0	0.0	3.0	0.0	0.0
S1-986362945	source2	S2-764710498	0.037426	54	1	char_3gram_k10	us	Behavioral Health Physicians Care	Behavioral Health Physicians Care LP	70 Chatham Road, Everett, MA		1	0.0	0.0	0.9833333333333333	0.9166666666666666	0.8	1.0	0.9166666666666666	0.9736842105263158	3.0	0.9166666666666666	1.0	1.0	0.0	0.0	0.0	0.0	0.0	0.0	0.0	0.0	0.0	24.0	0.0	1.0	0.0	0.916667	0.9166666666666666	0.0	0.0	0.0	0.0	1.0	2.0	0.0	0.0	0.0	0.0	0.0	1.0	0.0	54.0	0.0	0.0
S1-745450749	source2	S2-51162005	0.031043	2	1	rare_token	india	Oki Therapy (India)	OKI (N) THERAPY	12 Thakurdas Banerjee Road, Kolkata, North 24 Parganas, West Bengal		1	0.0	0.0	0.8591251885369532	0.5294117647058824	0.5	0.6666666666666666	0.7647058823529411	0.6666666666666666	4.0	0.7647058823529411	0.0	1.0	0.0	0.0	0.0	0.0	0.0	0.0	0.0	0.0	0.0	55.0	0.0	1.0	0.0	0.529412	0.5294117647058824	0.0	0.0	0.0	0.0	1.0	3.0	0.0	0.0	0.0	0.0	1.0	0.0	0.0	2.0	0.0	0.0
S1-177380392	source2	S2-572080449	0.017032	2	2	char_3gram_k10,name_core	india	Laxmi Logistics Limited	Laxmi Logistics Ltd	C/402, Shantinagar, Dutta Mandir Road, Malad East, Mumbai, Mumbai City, Maharashtra		1	0.0	1.0	0.9652173913043479	0.8260869565217391	0.5	0.6666666666666666	0.4782608695652174	0.6428571428571429	4.0	0.8260869565217391	0.0	1.0	0.0	0.0	0.0	0.0	0.0	0.0	0.0	0.0	0.0	72.0	0.0	1.0	0.0	0.826087	0.8260869565217391	0.0	0.0	0.0	0.0	2.0	8.0	0.0	1.0	0.0	0.0	0.0	1.0	0.0	2.0	0.0	0.0
S1-165890090	source3	S3-279486632	0.014239	8	1	name_core	india	Bright Products Pvt Ltd	Bright Products Pvt Limited	B-602, Riddhi Siddhi, Plot 69C Sector 21 Kharghar, Navi Mumbai, Maharashtra		1	0.0	1.0	0.9703703703703704	0.8518518518518519	0.6	0.75	0.8518518518518519	0.696969696969697	4.0	0.8518518518518519	0.0	1.0	0.0	0.0	0.0	0.0	0.0	0.0	0.0	0.0	0.0	71.0	0.0	1.0	0.0	0.851852	0.8518518518518519	0.0	0.0	0.0	0.0	1.0	6.0	0.0	1.0	0.0	0.0	0.0	0.0	0.0	8.0	0.0	0.0
S1-33355590	source3	S3-650660534	0.013189	54	1	address_token	us	Belcher Capital Prudential Inc	Bpcapital.Com	51 County Road 91, Escondida, NM	380 County Road 91, Escondida, New Mexico	1	0.0	0.0	0.6163947163947164	0.30000000000000004	0.0	0.0	0.33333333333333337	0.23076923076923078	17.0	0.43333333333333335	2.0	0.0	0.0	0.0	0.7027027027027026	0.4444444444444444	0.6666666666666666	0.0	0.0	0.0	0.5	9.0	1.0	0.0	0.210811	1.002703	0.7027027027027026	0.30000000000000004	0.0	0.0	0.0	1.0	1.0	0.0	0.0	0.0	0.0	0.0	0.0	1.0	54.0	0.0	0.0
S1-347296100	source3	S3-684033090	0.01243	9	2	address_token,rare_token	us	Lyde Nano	Lyde Services	8160 Glenrosa Avenue, Phoenix, AZ	008160 Glenrosa Ave, Phoenix, Arizona	1	0.0	0.0	0.6467236467236467	0.3846153846153846	0.3333333333333333	0.5	0.3846153846153846	0.2857142857142857	4.0	0.6923076923076923	0.0	1.0	0.0	0.0	0.8	0.42857142857142855	0.6	0.0	0.0	0.0	0.0	7.0	0.0	0.0	0.307692	1.184615	0.8	0.3846153846153846	0.0	0.0	0.0	2.0	4.0	0.0	0.0	0.0	0.0	1.0	0.0	1.0	9.0	0.0	0.0
S1-4422904	source3	S3-708374583	0.008867	1	5	char_3gram_k10,exact_name,house_name,name_core,rare_token	india	Prananth Multitech	Prananth Multitech	033, 6Th Floor, C/O T-Hub Foundation, 1/C, 83/1, Raidurg Panmaktha Near Hitech City, Ranga Reddy, Hyderabad, Shaikpet, Hyderabad, Telangana	033, Seri Lingampally, Andhra Pradesh	1	1.0	1.0	1.0	1.0	1.0	1.0	1.0	1.0	0.0	1.0	0.0	1.0	1.0	0.0	0.19841269841269837	0.041666666666666664	0.2	0.0	1.0	1.0	1.0	91.0	18.0	0.0	0.198413	1.198413	1.0	0.19841269841269837	0.0	0.0	0.0	5.0	23.0	1.0	1.0	1.0	0.0	1.0	1.0	0.0	1.0	0.0	0.0
S1-210995116	source2	S2-400151590	0.007684	19	1	rare_token	india	Deccan Dairies Limited	Deccan Limited Services	21, Floor-2, Plot-40, 87, Venus Building G D Somani Marg, Cuffe Parade, Mumbai, Mumbai, Mumbai City, Maharashtra		1	0.0	0.0	0.8853130850842521	0.5217391304347826	0.5	0.6666666666666666	0.26086956521739135	0.5806451612903226	1.0	0.9565217391304348	0.0	1.0	0.0	0.0	0.0	0.0	0.0	0.0	0.0	0.0	0.0	96.0	0.0	1.0	0.0	0.521739	0.5217391304347826	0.0	0.0	0.0	0.0	1.0	3.0	0.0	0.0	0.0	0.0	1.0	0.0	0.0	19.0	0.0	0.0
S1-332238776	source3	S3-407698529	0.0054	1	2	house_name,rare_token	india	Ashoka India Pvt. Ltd.	Ashoka Iraohha Pvt. Ltd.	10, Ishan Bunglows, Near Parl Villa Bunglow, Village Shilaj, Taluka Daskroi, Ahmedabad, Gujarat	10, Bopal, GJ	1	0.0	0.0	0.9245454545454544	0.7727272727272727	0.6	0.75	0.7727272727272727	0.6	2.0	0.9090909090909091	0.0	1.0	1.0	0.0	0.1235955056179775	0.06666666666666667	0.3333333333333333	0.0	1.0	1.0	1.0	78.0	10.0	0.0	0.095506	0.896323	0.7727272727272727	0.1235955056179775	0.0	0.0	0.0	2.0	8.0	0.0	0.0	1.0	0.0	1.0	0.0	0.0	1.0	0.0	0.0
