s1_id	target_id	target_source	country	model_score	candidate_rank	block_names	block_count	business_name_s1	business_name_target	address_s1	address_target	name_exact	name_core	name_jaro_winkler	name_levenshtein	name_token_jaccard	name_token_overlap	name_sorted_token_similarity	name_char_3gram_jaccard	name_length_difference	shared_token_count	address_exact	address_levenshtein	address_token_jaccard	address_token_overlap	postal_match	house_number_match	numeric_overlap	name_sim_x_addr_sim	is_singleton	GT_match_count_for_S1	fp_category	only_house_token	only_web_norm	multi_block_support
S1-143972355	S2-554053389	source2	India	0.98	1	address_token,house_token	2	Nagaya Enterprises Private Limited	Green  Enterprises Private Limited	2/2A, Suresh Sarkar Road 1St Floor, Kolkata, Howrah, West Bengal	2/2A, DR. SURESH SARKAR ROAD, KOLKATA, West Bengal	0	0	0.786	0.8235	0.6	0.75	0.6176	0.8741	0	3	0	0.6731	0.6667	0.8889	0	1	1.0	0.5543	1	0	C. Same Name + Same Address Collision	0	0	1
S1-14671216	S3-551214339	source3	India	0.8995	2	address_token,name_web_norm	2	Shiv Constructions Private Limited	Shiv Constructions Trading	S. No 27/8B, 1St Floor, Flat No. 1, Ambegaon Bk, Nr Toramkar Fmill, Pune, Maharashtra	1St Floor, Flat No. 1, Ambegaon Bk, Nr Toramkar Fmill, Pune, S. No 27/29B, MH	0	0	0.9091	0.6471	0.4	0.6667	0.5294	0.6853	8	2	0	0.6622	0.7647	0.8667	0	0	0.6667	0.4285	1	0	F. DBA / Trade-Name Ambiguity	0	0	1
S1-148845479	S2-107521278	source2	US	0.9622	165	house_token	1	Nowaczyk Continental Neurosciences, Inc.	Garlington Continental Néurosciences, Inc.	524 Fifth Avenue, City Of Stevens Point, WI	524 FIFTH AVE, SEVENS POINT, WI	0	0	0.7349	0.725	0.3333	0.5	0.475	0.8084	2	2	0	0.7632	0.5556	0.8333	0	1	1.0	0.5533	1	0	E. Branch Ambiguity	1	0	0
S1-214903253	S2-564112793	source2	India	0.8424	1	char_3gram_k10,exact_name,name_core,name_web_norm,rare_token	5	Indian Global Private Limited	Indian Global Private Limited	Lucknow, Uttar Pradesh, H.No 16/108 Shiva Palace Flat No. 401 Munshipulia Sector 16 Indira Nagar		1	1	1.0	1.0	1.0	1.0	1.0	1.0	0	4	0	0.0	0.0	0.0	0	0	0.0	0.0	1	0	B. Same Business Name / Different Address	0	0	1
S1-224529988	S3-746626252	source3	US	0.6264	1	address_token,char_3gram_k10,name_core,name_web_norm,rare_token	5	Harbor Project	Harbor Project  Co	1558 54th Street, Tulsa, OK	1559 54th Street, Tusa, Oklahoma	0	1	0.9647	0.8235	0.6667	1.0	0.8235	0.84	4	2	0	0.6923	0.25	0.4	0	0	0.5	0.5701	1	0	F. DBA / Trade-Name Ambiguity	0	0	1
S1-25517882	S2-527866226	source2	US	0.5312	1	address_token,char_3gram_k10,name_core,name_web_norm,rare_token	5	Darda Scranton, Ph.D.	DARDA SCRANTON, PH.D. (CORP)	WA, 4017 Windcrest Lane, Anacortes	4020 WINDCREST LN, ANACORTES, WA	0	1	0.9583	0.7917	0.8	1.0	0.7917	0.8058	7	4	0	0.7333	0.6667	0.8	0	0	0.0	0.5806	1	0	C. Same Name + Same Address Collision	0	0	1
S1-270255759	S3-525531939	source3	US	0.9935	1	address_token,char_3gram_k10,house_token,rare_token	4	AY Entertainment Group	NAY Entertainment Group	5629 Galloway Road, Flemington, WV	5629 Galloway Road, Flemington, West Virginia	0	0	0.8794	0.9565	0.5	0.6667	0.6957	0.9495	1	2	0	0.7895	0.5714	0.8	0	1	1.0	0.7552	1	0	E. Branch Ambiguity	0	0	1
S1-29696416	S2-626110866	source2	India	0.8558	1	char_3gram_k10,exact_name,name_core,name_web_norm,rare_token	5	Silver Exports Private Limited	Silver Exports Private [Limited]	Noida, Gautam Buddha Nagar, Jasas C-58/8, Sector-62, Uttar Pradesh, A-101		1	1	1.0	1.0	1.0	1.0	1.0	1.0	2	4	0	0.0	0.0	0.0	0	0	0.0	0.0	1	0	B. Same Business Name / Different Address	0	0	1
S1-337503787	S2-710269582	source2	US	0.6298	13	address_token,rare_token	2	Erwin Interests L.L.C.	PARKS INTERESTS	AL, Opelika, 1750 Hidden Lakes Drive	1750 HIDDEN LAKES DRIVE, OPELIKA, AL	0	0	0.6312	0.4762	0.2	0.5	0.3158	0.5714	7	1	0	0.2903	1.0	1.0	0	0	1.0	0.1382	1	0	E. Branch Ambiguity	0	0	1
S1-338830003	S2-676740422	source2	US	0.7294	1	char_3gram_k10,exact_name,name_core,name_web_norm,rare_token	5	Doex LLC	doex llc	5421 Lakeside Avenue, Crystal, MN		1	1	1.0	1.0	1.0	1.0	1.0	1.0	0	2	0	0.0	0.0	0.0	0	0	0.0	0.0	1	0	B. Same Business Name / Different Address	0	0	1
S1-38345711	S2-346547215	source2	US	0.9257	11	exact_name,name_core,name_web_norm	3	Urgent Care Physicians Inc.	Urgent Care Physicians Inc	301 Stacy Weaver Drive, Fayetteville, NC	2032 FARGO DR, FAYETTEVILLE, NC	1	1	1.0	1.0	1.0	1.0	1.0	1.0	1	4	0	0.6286	0.375	0.6	0	0	0.0	0.6286	1	0	E. Branch Ambiguity	0	0	1
S1-394321455	S3-109057836	source3	India	0.6909	96	house_token	1	My Food Private Limited	Bombay Power Private Limited	No.198, 2Nd Floor, Cmh Road, Indiranagar, Bangalore, Karnataka	Bangalore, 2Nd Floor, Desk#199, Cmh Road, Indiranagar, Second Stage, No 198, KA, Bangalore	0	0	0.729	0.7143	0.3333	0.5	0.6429	0.7479	5	2	0	0.4675	0.5714	0.8889	0	1	1.0	0.3339	1	0	E. Branch Ambiguity	1	0	0
S1-405656924	S2-900615957	source2	India	0.9988	1	char_3gram_k10,name_core,name_web_norm,rare_token	4	Titagarh Hotels	Titagarh Hotels Pvt Ltd	Vikas Bhuwalka, 58, Sheel Nagar Extension, Mahmoorganj, Varanasi, Uttar Pradesh	NO 84 VIKAS BHUWALKA, 58, SHEEL NAGAR EXTENSION, MAHMOORGANJ, VARANASI, Uttar Pradesh	0	1	0.9304	0.6522	0.5	1.0	0.6522	0.6768	8	2	0	0.925	0.8333	1.0	0	0	1.0	0.6033	1	0	C. Same Name + Same Address Collision	0	0	1
S1-423930733	S2-919891835	source2	India	0.8669	53	address_token	1	Aditora India Co	Aditori India	Andheri (E), Maharashtra, Mumbai, A - 103, Mangalaya, Marol Maroshi Road	A - A-114, MANGALAYA, MAROL MAROSHI ROAD, ANDHERI (E), Maharashtra	0	0	0.9179	0.75	0.25	0.5	0.75	0.7887	3	1	0	0.2787	0.7273	0.8889	0	0	0.0	0.209	1	0	E. Branch Ambiguity	0	0	0
S1-524787346	S2-933748016	source2	US	0.7521	1	address_token,name_core,name_web_norm	3	Pinnacle Trading Partners, LLC	Pinnacle Trading Partners, Inc	151 Capital Avenue, Unit 1306, Mooresville, NC	172 CAPITAL AVENUE, MOORESVILLE, NC	0	1	0.9724	0.931	0.6	0.75	0.931	0.9512	0	3	0	0.7	0.5	0.8	0	0	0.0	0.6517	1	0	C. Same Name + Same Address Collision	0	0	1
S1-545750994	S2-205694922	source2	India	0.9994	1	char_3gram_k10,house_token,rare_token	3	Sarasiya Travel Limited	SARAZIYA LIMITED TRAVEL	Chennai, Raja Bather Street T Nagar, Tamil Nadu, No 52	NO 52, RAJA BATHER STREET T NAGAR, CHENNAI, Tamil Nadu	0	0	0.9281	0.4348	0.5	0.6667	0.9565	0.5859	0	2	0	0.5532	1.0	1.0	0	1	1.0	0.2405	1	0	E. Branch Ambiguity	0	0	1
S1-548304791	S2-537495258	source2	India	0.8405	5	address_token,house_token	2	Balaji Systems Private Limited	బ్లాక్ మీడియా ప్రైవేట్ లిమిటెడ్	Plot No 8-2-293/82/A/1174A Road No 56, Jubilee Hills, Hyderabad, Shaikpet, Hyderabad, Telangana	NO 8-2-293/82/A/831, PLOT NO.831/A ROAD NO.41, JUBILEE HILLS, HYDERABAD, Telangana	0	0	0.4037	0.1	0.0	0.0	0.1	0.0	1	0	0	0.5341	0.7059	0.8571	0	1	0.6667	0.0534	1	0	A. Same Address / Different Business	0	0	1
S1-621488922	S2-439584807	source2	US	0.5017	1	char_3gram_k10,name_core,name_web_norm,rare_token	4	Human Rights Trust	Human Rights Trust LLC	2320 Pitts Place, Unit 2, Washington, DC		0	1	0.9636	0.8182	0.75	1.0	0.8182	0.8316	4	3	0	0.0	0.0	0.0	0	0	0.0	0.0	1	0	B. Same Business Name / Different Address	0	0	1
S1-625390990	S2-609520667	source2	India	0.9675	9	address_token,house_token	2	Flamingo Trading Private Limited	टेक सिस्टम्स प्राइवेट लिमिटेड	Vajinta Arked, Flat No. 2 Opp. Ladies Hostel, Vishrambag, Sangli, Maharashtra	VAJIGTA ARKED, FLAT NO. 2 OPP. LADIES HOSTEL, VISHRAMBAG, SANGLI, Maharashtra	0	0	0.3991	0.0938	0.0	0.0	0.0938	0.0	3	0	0	0.9859	0.8333	0.9091	0	1	1.0	0.0925	1	0	A. Same Address / Different Business	0	0	1
S1-630354514	S2-276052584	source2	India	0.545	75	address_token	1	Realindia (India) Preschools Private Limited	சிவா எஸ்டேட் கன்ஸ்ட்ரக்ஷன்ஸ் பிரைவேட் லிமிடெட்	No.1/333, 2Nd Street, M.S.Nagar, Porur, Chennai, Tamil Nadu	NO. 63B, CHENNAI, PORUR, Tamil Nadu	0	0	0.3976	0.0714	0.0	0.0	0.0952	0.0	2	0	0	0.48	0.3846	0.8333	0	0	0.0	0.0343	1	0	A. Same Address / Different Business	0	0	0
S1-668150019	S3-870195374	source3	US	0.6896	1	address_token,char_3gram_k10,rare_token	3	AB Prairie Enbridge	AU Enbridge Prairie	3027 Breeze Drive, UT, Magna City	3036 Breeze Dr, Magna, Utah	0	0	0.8303	0.3684	0.5	0.6667	0.9474	0.5301	0	2	0	0.6786	0.375	0.6	0	0	0.0	0.25	1	0	E. Branch Ambiguity	0	0	1
S1-671786417	S2-857579341	source2	India	0.5442	1	address_token,char_3gram_k10,rare_token	3	HCX Infrahome Ltd	HCX Infrahome Exports	Ev 17/1, Chamavila Veedu, Near Kallurkonam Mosque, Ayilam P O, Thiruvananthapuram, Thiruvananthapuram, Trivandrum, Kerala	EV 17/5., CHAMAVILA VEEDU, NEAR KALLURKONAM MOSQUE, AYILAM P O, THIRUVANANTHAPURAM, THIRUVANANTHAPURAM, Kerala	0	0	0.9193	0.7143	0.5	0.6667	0.4286	0.7582	4	2	0	0.8947	0.8	0.9231	0	0	0.5	0.6391	1	0	E. Branch Ambiguity	0	0	1
S1-68334966	S2-137354196	source2	US	0.6879	13	house_name,house_token	2	Allied Jena LLC	Allied Pmv LLC LLC	171 Tyler Avenue, Brookhaven, NY	171. GARNER AVENUE, BUFALO, NY	0	0	0.8689	0.6111	0.5	0.6667	0.5333	0.6962	3	2	0	0.5556	0.4286	0.6	0	1	1.0	0.3395	1	0	F. DBA / Trade-Name Ambiguity	0	0	1
S1-850606398	S2-46916832	source2	US	0.7861	138	name_web_norm	1	Mountain National Pharmaceuticals LLC	Corp Mountain National Pharmaceuticals	207 Hamilton Street, Wapakoneta, OH	211-213 HAMILTON STREET, WAPAKONETA, OH	0	0	0.7712	0.7632	0.6	0.75	0.8947	0.7736	1	3	0	0.8182	0.5714	0.8	0	0	0.0	0.6245	1	0	C. Same Name + Same Address Collision	0	1	0
S1-856589797	S2-624192543	source2	India	0.5449	14	house_name,house_token	2	Kolkata Animation Limited	Kolkata Limited Marketing	9/12, Lal Bazar Street, 3Rd Floor Block- E, Room No- 2, Kolkata, Kolkata, Howrah, West Bengal	H.NO 2 CHANDNY CHOWK STREETA BLOCK, KOLKATA, West Bengal	0	0	0.8884	0.44	0.5	0.6667	0.2	0.5888	0	2	0	0.4167	0.3	0.6	0	1	1.0	0.1833	1	0	E. Branch Ambiguity	0	0	1
S1-981082433	S3-878525885	source3	India	0.5223	1	exact_name,name_core,name_web_norm	3	Surya Hospitality Private Limited	Surya Hospitality Private Limited	395 2Nd Floor, Delhi, New Delhi, Block Dg3 Vikaspuri, West Delhi		1	1	1.0	1.0	1.0	1.0	1.0	1.0	0	4	0	0.0	0.0	0.0	0	0	0.0	0.0	1	0	B. Same Business Name / Different Address	0	0	1
