s1_id	target_id	fn_type	model_score	candidate_rank	block_count	blocking_sources	country	business_name_s1	business_name_target	address_s1	address_target	name_levenshtein	name_token_overlap	address_levenshtein	address_token_overlap	house_number_match	postal_match
S1-544301844	S3-752659566	B. Model FN (Candidate hit, scored < threshold)	0.3524	5	2	address_token,house_token	India	Ss Hospitality	એસએસ હોસ્પિટાલિટી	Plot No 9 Kumbhrwada Gadhechiroad, Bhavnagar, Gujarat	Plot No 9 Kubmhrwada Gadhechiroad, Bhavnagar, GJ	0.0625	0.0	0.8627	0.7143	1	0
S1-713886955	S3-244551534	A. Blocking FN (Candidate miss)	0.0	999	0	NONE	India	Kr Holdings	Kr	D-254, Nirman Vihar, New Delhi, Delhi	D-254, New Delhi, Nirman Vihar, दिल्ली	0.1818	1.0	0.3235	1.0	0	0
S1-635510698	S2-163962891	B. Model FN (Candidate hit, scored < threshold)	0.4887	1	4	char_3gram_k10,name_core,name_web_norm,rare_token	US	Valdez Custom Braemar LLC	Valdez Custom Braemar	15 Clear Bead Court, Clayton, NC	23 CLEAR BEAD COURT, CLAYTON, NC	0.84	1.0	0.9259	0.8333	0	0
S1-900135353	S2-881037529	A. Blocking FN (Candidate miss)	0.0	999	0	NONE	India	Great Galaxy Healthcare Private Limited	ಗ್ರೇಟ್ ಗ್ಯಾಲಕ್ಸಿ ಹೆಲ್ತ್‌ಕೇರ್ ಪ್ರೈವೇಟ್ ಲಿಮಿಟೆಡ್	No 1091, 12Th Main, 2Nd Stage West Of Chord Road, Mahalakshmipuram, Bangalore, Karnataka	DOOR NO 1091, BANGALORE, Karnataka	0.1	0.0	0.3333	0.8	1	0
S1-90406410	S2-649681176	B. Model FN (Candidate hit, scored < threshold)	0.041	119	1	address_token	India	White Care LLP	വൈറ്റ് കെയർ എൽഎൽപി	Ka14/391-393 Kannothumchal, P.O.Chovva, Kannur, Kerala	BLOKC E-290 KA14/391-393 KANNOTHUMCHAL, KANNUR, Kerala	0.125	0.0	0.5577	0.6667	0	0
S1-955039089	S3-402097369	B. Model FN (Candidate hit, scored < threshold)	0.0941	4	2	char_3gram_k10,rare_token	US	Cooper, Mcgovern & Ascencio LLC	Cooper,  Mcgovern &	3730 Sunset Manor Lane, Katy, TX	3581 Sunst Manor Ln, Katy, Texas	0.5938	1.0	0.7667	0.5	0	0
S1-608383690	S3-516289749	B. Model FN (Candidate hit, scored < threshold)	0.2249	52	1	address_token	India	Eastern Exports LLP	ईस्टर्न एक्सपोर्ट्स एलएलपी	21, Sriram Roadcivil Lines, New Delhi, Delhi	H.no 468 21, New Delhi, Sriram Roadcivil Lines, दिल्ली	0.08	0.0	0.36	1.0	0	0
S1-497653195	S2-514118622	A. Blocking FN (Candidate miss)	0.0	999	0	NONE	India	One Estate Private Limited	वन एस्टेट प्राइवेट लिमिटेड	A 24, Tarang Drug Emp Chs Ltd., Unit No.3, Gilbert Hill, Mumbai, Mumbai City, Maharashtra	A 24/9, MUMBAI, MUMBAI CITY, महाराष्ट्र	0.0769	0.0	0.3049	0.4444	0	0
S1-986362945	S2-764710498	B. Model FN (Candidate hit, scored < threshold)	0.1136	117	1	char_3gram_k10	US	Behavioral Health Physicians Care	Behavioral Health Physicians Care LP	70 Chatham Road, Everett, MA		0.9167	1.0	0.0	0.0	0	0
S1-522879734	S3-284561873	A. Blocking FN (Candidate miss)	0.0	999	0	NONE	India	High Energy Private Limited	హై ఎనర్జీ ప్రైవేట్ లిమిటెడ్	Musheerabad, Telangana, H No 1-7-1046/3 F. No 201, Hyderabad, 2Nd Floor Srt-3, Ramnagar	#1-7-1046/3 F. No 201, 2Nd Floor Srt-3, Ramnagar, Hyderabad City Region, Hyderabad, Andhra Pradesh	0.1111	0.0	0.2386	0.8	0	0
S1-178206037	S2-238463399	B. Model FN (Candidate hit, scored < threshold)	0.2066	1	3	address_token,char_3gram_k10,rare_token	India	Rushil Erectors (India) Private Limited	Rushil (India) Private Limited Services	Ano-338 Plot No- Prakash Enclave, Chakeri, Hal Colony, Kanpur Nagar, Uttar Pradesh	ANO-3-38 PLOT NO- PRAKASH ENCLAVE, CHAKERI, HAL COLONY, Uttar Pradesh	0.5135	0.8	0.8182	0.8333	0	0
S1-49474663	S2-784017251	A. Blocking FN (Candidate miss)	0.0	999	0	NONE	India	Dynamic Products Private Limited	ಡೈನಾಮಿಕ್ ಪ್ರೊಡಕ್ಟ್ಸ್ ಪ್ರೈವೇಟ್ ಲಿಮಿಟೆಡ್	96/718, Ist Floor, Mohan Market, Ranagaswamy Temple Street, Bangalore -53., Bangalore, Karnataka	96/718, BANGALORE -53., BANGALORE, Karnataka	0.0882	0.0	0.4815	1.0	1	0
S1-4422904	S3-708374583	B. Model FN (Candidate hit, scored < threshold)	0.0032	1	7	char_3gram_k10,exact_name,house_name,house_token,name_core,name_web_norm,rare_token	India	Prananth Multitech	Prananth Multitech	033, 6Th Floor, C/O T-Hub Foundation, 1/C, 83/1, Raidurg Panmaktha Near Hitech City, Ranga Reddy, Hyderabad, Shaikpet, Hyderabad, Telangana	033, Seri Lingampally, Andhra Pradesh	1.0	1.0	0.1984	0.2	1	0
S1-387819994	S2-821872573	A. Blocking FN (Candidate miss)	0.0	999	0	NONE	US	D 4 U Golden Inc	D 4 U G0lden Inc	824 Rose Avenue, Columbus, OH	COLUMBUS, PO BOX 8175, OH, 885 ROSE AENUE	0.9375	0.8	0.1579	0.6	0	0
S1-566143634	S2-280387127	A. Blocking FN (Candidate miss)	0.0	999	0	NONE	India	Unique Services Private Limited	ইউনিক সার্ভিসেস প্রাইভেট লিমিটেড	47, Matheshwartala Road, Kolkata, Kolkata, Howrah, West Bengal	47, CALCUTTA, HOWRAH, West Bengal	0.0625	0.0	0.4615	0.8	1	0
S1-235827905	S3-873543936	A. Blocking FN (Candidate miss)	0.0	999	0	NONE	India	Sai Infotech Private Limited	Zetavio D.B.A. Sai Infotech Private Limited	Patna, Bihar, 709, 7Th Floor, Jagat Trade Centre Maurya Lok, Fraser Road	709, 7Th Floor, Jagat Trade Centre Maurya Lok, Fraser Road, Patna, Bihar	0.6667	1.0	0.6129	1.0	0	0
S1-235827905	S3-245041126	A. Blocking FN (Candidate miss)	0.0	999	0	NONE	India	Sai Infotech Private Limited	साईं इंफोटेक प्राइवेट लिमिटेड	Patna, Bihar, 709, 7Th Floor, Jagat Trade Centre Maurya Lok, Fraser Road	707, Patna, Boring Road, Patna, BR	0.0714	0.0	0.2097	0.4	0	0
S1-618364441	S2-773032786	A. Blocking FN (Candidate miss)	0.0	999	0	NONE	India	United Software Private Limited	यूनाइटेड सॉफ्टवेयर प्राइवेट लिमिटेड	Vikas Puri, New Delhi, K-68, Krishna Park Extension, Outer Ring Road, Delhi	K-68., KRISHNA PARK EXTENSION, OUTER RING ROAD, NEW DELHI, VIKAS PURI, दिल्ली	0.0857	0.0	0.3824	1.0	0	0
S1-221384458	S2-70880749	A. Blocking FN (Candidate miss)	0.0	999	0	NONE	India	New Business Pvt Ltd	न्यू बिजनेस प्रा. लि.	Survey Number 39/A/2/3, House Number 2/163, Building Number 7, Flat 15, Durvankur Apartment, Manikbag, Amrutanagar, Pune City, Pune, Maharashtra	SURVEY NUMBER 39/A/2/3, PUNE CITY, PUNE, महाराष्ट्र	0.15	0.0	0.3009	0.6667	0	0
S1-177380392	S2-572080449	B. Model FN (Candidate hit, scored < threshold)	0.0182	3	3	char_3gram_k10,name_core,name_web_norm	India	Laxmi Logistics Limited	Laxmi Logistics Ltd	C/402, Shantinagar, Dutta Mandir Road, Malad East, Mumbai, Mumbai City, Maharashtra		0.8261	0.6667	0.0	0.0	0	0
S1-946901276	S2-465552220	A. Blocking FN (Candidate miss)	0.0	999	0	NONE	US	Polaris Inc	Posasr [Inc]	6339 King Louis Drive, Fairfax County, VA	6339-C KING LOUIS DRIVE, VA, ALEXANDRIA	0.6364	0.5	0.5833	0.7143	0	0
S1-380094562	S2-254066509	A. Blocking FN (Candidate miss)	0.0	999	0	NONE	US	Cascade Storage LLC	Cascade Stolae LLC LLC	500 Anderson Street, Fl 0, Weatherford, TX	500D ANDERSON ST, WEATHERFORD, TX	0.7273	0.6667	0.8286	0.8	0	0
S1-721346891	S3-503941566	B. Model FN (Candidate hit, scored < threshold)	0.2764	1	2	char_3gram_k10,rare_token	US	Wojciechowski Federation	Wojciechowski Ffdesatison	610 Pennsylvania Avenue, Deer Lodge, MT	Montana, Deer Lodge, 61 Pennsylvania Ave	0.88	0.5	0.1316	0.6667	0	0
S1-597789322	S2-803321173	B. Model FN (Candidate hit, scored < threshold)	0.3562	104	1	address_token	India	Sunrise Consultants	सनराइज कंसल्टेंट्स	Microtek Greenburg, Sector 86, Narsinghpur, Gurgaon, Haryana	MICROTEK GREENBURG, NARSINGHPUR, GURGAON, Haryana	0.0526	0.0	0.8214	1.0	0	0
S1-504790211	S2-340882825	B. Model FN (Candidate hit, scored < threshold)	0.3271	3	2	char_3gram_k10,rare_token	US	Crystal Lending PC	Crystal PC Lending	11643 Prosperity Road, South Jordan, UT		0.6667	1.0	0.0	0.0	0	0
S1-327143985	S3-249260652	B. Model FN (Candidate hit, scored < threshold)	0.4037	1	3	address_token,char_3gram_k10,rare_token	US	Mammen Choice Park LLC	The Mammen Choice Park LLC	300 Sheffield Court, Tipton, IN	0300 Sheffield Ct, Tipton, Indiana	0.8462	1.0	0.8125	0.6	0	0
S1-174758675	S3-266973130	B. Model FN (Candidate hit, scored < threshold)	0.2	1	2	address_token,rare_token	US	Phillis Rios Quantum	Phillis Rios	1091 Addice Way, Cincinnati, OH	Addice Way, Cincinnati, Ohio	0.6	1.0	0.7586	0.75	0	0
S1-798829584	S3-652440504	B. Model FN (Candidate hit, scored < threshold)	0.0122	23	1	house_token	India	WN Associated Private Limited	K0rsynkor	H No.501, Mvv Royal Palace, Visakhapatnam (Urban), Visakhapatnam, Vishakhapatnam, Andhra Pradesh	Door No 501., Mvv Royal Palace, Visakhapatnam (Urban), Visakhapatnam, Vishakhapatnam, AP	0.069	0.0	0.8202	0.8	1	0
S1-921119146	S3-215617986	A. Blocking FN (Candidate miss)	0.0	999	0	NONE	India	EY Tradevision Pvt Ltd	EY Trádevision Pvt Ltd	16, Shri Chaitanaya State Bank Supervising Official Society, Opp. I.I.M. New Gate, V, Astrapur, Ahmedabad, Gujarat	##16, Shri Chaitanaya State Bank Supervising Official Society, Opp. I.i.m. New Gate, V, Astrapur, Ahmedabad, ગુજરાત	0.9545	0.75	0.934	0.9412	0	0
S1-347290816	S3-521426972	B. Model FN (Candidate hit, scored < threshold)	0.2444	1	3	address_token,char_3gram_k10,rare_token	US	Collier, Parker & Meeks Development LLC	Collier, Parker & Meeks	OH, 9190 Rosemary Lane, Mentor	Rosemary Lane, Mentor, Ohio	0.6	1.0	0.5	0.75	0	0
S1-549086594	S2-808013831	A. Blocking FN (Candidate miss)	0.0	999	0	NONE	India	Sun Marketing Private Limited	सन मार्केटिंग प्राइवेट लिमिटेड	D- 8, Gf, Pandav Nagar, East Delhi, Delhi	Delhi, NEW DELHI, D- 08, GF, PANDAV NAGAR	0.069	0.0	0.1389	0.7143	0	0
S1-463664106	S3-141117944	B. Model FN (Candidate hit, scored < threshold)	0.0002	101	1	house_token	India	Premier Constructions Private Limited	প্রিমিয়ার কনস্ট্রাকশনস প্রাইভেট লিমিটেড	10, Tottie Lane Kolkata, Kolkata, Kolkata, Howrah, West Bengal	10, Kolkata, Howrah, পশ্চিমবঙ্গ	0.0769	0.0	0.3269	0.4286	1	0
S1-315461446	S2-514673779	B. Model FN (Candidate hit, scored < threshold)	0.3914	145	1	address_token	India	Shyam Software Private Limited	শ্যাম সফটওয়্যার প্রাইভেট লিমিটেড	C/O: Apurba Nanda Das Chakladar 30, Howrah, West Bengal, Howrah, Subinoy Ghosh Sarani, G.I.P. Colony	C/O: APURBA NNADA DAS CHAKLADAR 30., HOWRAH, পশ্চিমবঙ্গ	0.0938	0.0	0.4667	0.5833	0	0
S1-965549055	S3-537422052	B. Model FN (Candidate hit, scored < threshold)	0.3761	52	1	address_token	US	Wilson Toyo LLC	LLC Wilson Tafo	120 Lake Drive, Stevensville, MD	120C Lake Dr, Stevensville, Maryland	0.3333	0.6667	0.7941	0.6	0	0
S1-33355590	S3-650660534	B. Model FN (Candidate hit, scored < threshold)	0.044	32	1	address_token	US	Belcher Capital Prudential Inc	Bpcapital.Com	51 County Road 91, Escondida, NM	380 County Road 91, Escondida, New Mexico	0.3	0.0	0.7027	0.6667	0	0
S1-616168610	S3-115472379	B. Model FN (Candidate hit, scored < threshold)	0.3795	92	1	rare_token	US	Lincoln City Youth Association	Lincoln  City	1110 8th Court, Lincoln City, OR	Eighth Court, Lincoln City, Oregon	0.4	1.0	0.6552	0.6	0	0
S1-506024119	S3-472106073	B. Model FN (Candidate hit, scored < threshold)	0.3951	52	1	char_3gram_k10	US	Hamilton Education Legacy Ministries LLC	Hamilton Ministries Legacy Education LLC	4434 Muhlhauser Road, Unit 200, Hamilton, OH		0.6	1.0	0.0	0.0	0	0
S1-129610392	S3-72594968	B. Model FN (Candidate hit, scored < threshold)	0.4712	1	2	char_3gram_k10,rare_token	US	Ora Decker Interactive LLC	Dóbecker, Ora Interactive LLC	4250 258, Liberty Hill, TX	04250 258, Liberty Hill, Texas	0.6786	0.75	0.8571	0.6	0	0
S1-745450749	S2-51162005	B. Model FN (Candidate hit, scored < threshold)	0.238	106	1	rare_token	India	Oki Therapy (India)	OKI (N) THERAPY	12 Thakurdas Banerjee Road, Kolkata, North 24 Parganas, West Bengal		0.5294	0.6667	0.0	0.0	0	0
S1-745450749	S3-997451038	B. Model FN (Candidate hit, scored < threshold)	0.054	3	1	address_token	India	Oki Therapy (India)	Drexmira One	12 Thakurdas Banerjee Road, Kolkata, North 24 Parganas, West Bengal	Kolkata, West Bengal, North 24 Parganas, 12 Thakurdas Banerjee Road	0.2353	0.0	0.2	1.0	0	0
S1-106042723	S2-81427064	B. Model FN (Candidate hit, scored < threshold)	0.4947	1	2	address_token,char_3gram_k10	US	Lewis Express Two	Lewis Express 2	3019 Old Gamber Road, Finksburg, MD	03019 OLD GAMBER ROAD, FINKSSBURG, MD	0.8235	0.6667	0.9394	0.6667	0	0
S1-125132307	S3-11641846	A. Blocking FN (Candidate miss)	0.0	999	0	NONE	India	Silver Nursing Home	Silver Nursing Center	C-245, Sector-3, Greater Noida (West), Dadri, Noida, Gautam Buddha Nagar, Uttar Pradesh, Noida, Gautam Buddha Nagar, Uttar Pradesh	C-245, Sector-3, Greater Noida (West), Dadri, Noida, Gautam Buddha Nagar, Uttar Pradesh, Gautam Buddha Nagar, Noida, UP	0.7619	0.6667	0.8448	1.0	0	0
S1-138706126	S3-7669744	A. Blocking FN (Candidate miss)	0.0	999	0	NONE	US	Pediatric Dentistry Pioneer Care Associates	Pediatric Dentistry Pioneer Care	Alton, 20 Marian Heights Drive, IL, Unit 703	##20 Marian Heights Drive, # 703, Alton, Illinois	0.7442	1.0	0.4615	0.8571	0	0
S1-383319619	S3-693673409	A. Blocking FN (Candidate miss)	0.0	999	0	NONE	US	Jones Rocky Enterprise Inc	Jones Rocky	201 58th Street, Unit 141, Washington, DC		0.4231	1.0	0.0	0.0	0	0
S1-725482440	S2-447747530	A. Blocking FN (Candidate miss)	0.0	999	0	NONE	India	Guru International Private Limited	Guru lnternational [Private]	Plot No - D-13/5, 13/6 13/7 Ttc Indl Area Turbhe, Navi Mumbai, Thane, Maharashtra	PLOT 277 PLOT NO - D-13/5, 13/6 13/7 TTC INDL AREA TURBHE, NAVI MUMBAI, Maharashtra	0.7353	0.6667	0.8077	0.9333	0	0
S1-125310170	S3-492674478	B. Model FN (Candidate hit, scored < threshold)	0.0112	49	1	house_token	US	Hurtado Broadband	Miraquo	707 Ridge Street, Bowling Green, OH	707 Ridge St, Bowling Green, Ohio	0.1765	0.0	0.9355	0.8333	1	0
S1-389117762	S3-757497470	B. Model FN (Candidate hit, scored < threshold)	0.0623	11	1	rare_token	US	Catherina Matus Signature Stifel LLC	Catherina Matus Signature	1220 Lake Avenue, Roland Park, MD		0.6944	1.0	0.0	0.0	0	0
S1-786497576	S2-787350941	A. Blocking FN (Candidate miss)	0.0	999	0	NONE	US	Dong Grupo of Incorporated	D0ng  Gnlo of Incorporated	460 2nd Street, Incorporated, ID	60 SECOND ST, INCORPORATED, ID	0.8462	0.5	0.8214	0.6	0	0
S1-705366048	S3-465809081	A. Blocking FN (Candidate miss)	0.0	999	0	NONE	US	U 3 Complete Electronics L.L.C.	U 3 Cómplete Electronics L.L.C.	6085 Lake Road, Starkey, NY	085 Lake Road, Rock Stream, New York	0.9667	0.8333	0.5	0.4	0	0
S1-210995116	S2-400151590	B. Model FN (Candidate hit, scored < threshold)	0.0221	123	1	rare_token	India	Deccan Dairies Limited	Deccan Limited Services	21, Floor-2, Plot-40, 87, Venus Building G D Somani Marg, Cuffe Parade, Mumbai, Mumbai, Mumbai City, Maharashtra		0.5217	0.6667	0.0	0.0	0	0
S1-332238776	S3-407698529	B. Model FN (Candidate hit, scored < threshold)	0.0011	1	3	house_name,house_token,rare_token	India	Ashoka India Pvt. Ltd.	Ashoka Iraohha Pvt. Ltd.	10, Ishan Bunglows, Near Parl Villa Bunglow, Village Shilaj, Taluka Daskroi, Ahmedabad, Gujarat	10, Bopal, GJ	0.7727	0.75	0.1236	0.3333	1	0
S1-165890090	S3-279486632	B. Model FN (Candidate hit, scored < threshold)	0.0081	8	2	name_core,name_web_norm	India	Bright Products Pvt Ltd	Bright Products Pvt Limited	B-602, Riddhi Siddhi, Plot 69C Sector 21 Kharghar, Navi Mumbai, Maharashtra		0.8519	0.75	0.0	0.0	0	0
S1-363357887	S2-394250231	B. Model FN (Candidate hit, scored < threshold)	0.4233	1	3	char_3gram_k10,name_web_norm,rare_token	US	Ronda's Atlantic Signs Inc	Ronda's Atlantic Inc Signs	243 Linda Avenue, Baton Rouge City, LA		0.76	1.0	0.0	0.0	0	0
S1-304386686	S3-224356782	B. Model FN (Candidate hit, scored < threshold)	0.0998	5	2	char_3gram_k10,rare_token	US	Coastal Prairie Noble LLC	Coastal Prairie Prairie Noble LLC	940 Nowlan Road, Fenton, Unit Lot 11, NY		0.7576	1.0	0.0	0.0	0	0
S1-767282763	S3-800199131	B. Model FN (Candidate hit, scored < threshold)	0.2294	40	1	rare_token	US	Leix Rocky Security Services Inc.	Leix Rocky 5ecurity Services Inc.	1162 Crawford Road, Rock Hill, SC	116 Crawford Rd, Rock Hill, South Carolina	0.9688	0.8	0.75	0.6667	0	0
S1-397404237	S3-901752832	B. Model FN (Candidate hit, scored < threshold)	0.3335	1	3	name_core,name_web_norm,rare_token	US	Salem Youth Center Inc	Salem Youth Center	4806 Capistrano Court, Salem, OR		0.8182	1.0	0.0	0.0	0	0
S1-148848342	S3-445550561	A. Blocking FN (Candidate miss)	0.0	999	0	NONE	US	Standard Education Consultants	Standard Education Concfultaas	DC, Unit 304, Washington, 2721 Adams Mill Road	721 Adams Mill Road, Unit 304, Washington, District of Columbia	0.8667	0.6667	0.4138	0.75	0	0
S1-86561619	S3-248586476	A. Blocking FN (Candidate miss)	0.0	999	0	NONE	India	Aditya Developers Private Limited	ఆదిత్య డెవలపర్స్ Private Limited	28/3Rt, 7-1-621/98 S. R. Nagar, Khairatabad, Hyderabad, Telangana	Khairatabad, 7-1-621/98 S. R. Nagar, Hyderabad, TG, C-28/3rt	0.5152	0.5	0.4746	0.9167	0	0
S1-740096526	S2-842917857	B. Model FN (Candidate hit, scored < threshold)	0.2501	3	2	address_token,rare_token	US	Mimi M. Estevez, CPA	M. MIMI ESIHVMEIZ, CPA	20 Hobart Street, Welch, WV	HOBART ST, WECH, WV	0.65	0.75	0.8095	0.75	0	0
S1-607169532	S2-247911590	B. Model FN (Candidate hit, scored < threshold)	0.2213	1	3	address_token,char_3gram_k10,rare_token	US	Leanna Ochoa Devices LLC	Leanna 0choa Dévices LLC	144 Damron Street, Grayson, KY	44 DAMRON ST, GRAYSON, KY	0.9167	0.5	0.9583	0.8	0	0
S1-238485383	S3-218669599	B. Model FN (Candidate hit, scored < threshold)	0.1948	3	2	char_3gram_k10,rare_token	India	Suman Health Private Limited	Pardivlle Suman Health Limited	Pune, Maharashtra, 878, Pune, Boottee Street	Pune, MH, Pune, Block B-57 878	0.4	0.75	0.3333	0.4	0	0
S1-770646700	S3-579873066	B. Model FN (Candidate hit, scored < threshold)	0.4908	3	2	address_token,house_token	US	N 6 H Block LLC	N 6 H	8104 Brookgate Terrace, Unit 206, Raleigh, NC	8104 Brookgate Terrace, PO Box 7848, Raleigh, North Carolina	0.3333	1.0	0.6327	0.5714	1	0
S1-309658496	S3-600088937	A. Blocking FN (Candidate miss)	0.0	999	0	NONE	US	Maid Book Store	Maid B0ok	6000 Powder Wood Lane, Arlington, TX		0.5333	0.5	0.0	0.0	0	0
S1-959580291	S2-998661747	A. Blocking FN (Candidate miss)	0.0	999	0	NONE	US	Pediatric Dental Atlantic Center Inc	Pediatric Dental Atlantic Center Inc Commission	214 Carson Cub Court, Montgomery, TX		0.766	1.0	0.0	0.0	0	0
S1-955866957	S2-86825041	A. Blocking FN (Candidate miss)	0.0	999	0	NONE	India	Great Investment Private Limited	గ్రేట్ ఇన్వెస్ట్‌మెంట్ ప్రైవేట్ లిమిటెడ్	51-1-6/5B Sri Ram Nagar, Jagannaickpur, Kakinada, East Godavari, Andhra Pradesh	51-1-6/5B SRI RAM NAGR, KAKINADA, EAST GODAVARI, Andhra Pradesh	0.0882	0.0	0.7917	0.9167	1	0
S1-387846489	S3-772460178	B. Model FN (Candidate hit, scored < threshold)	0.3287	26	1	address_token	India	Liladhar Venture Private Limited	ventureprivate.com	Budhi Lane, Opp Shiya Masjid, Aurangabad, Maharashtra	Budhi Lane, MH, Aurangabad	0.5	0.0	0.4375	0.75	0	0
S1-89160825	S3-134857967	B. Model FN (Candidate hit, scored < threshold)	0.4077	2	4	exact_name,name_core,name_web_norm,rare_token	India	Delhi Servicesprivate LLP	Delhi  Servicesprivate LLP	38, Ajanta Appartment I P Extn., Delhi, East Delhi, Delhi	0038, Delhi, East Delhi, DL	1.0	1.0	0.3469	0.5	0	0
S1-50157089	S3-462344114	B. Model FN (Candidate hit, scored < threshold)	0.086	5	2	address_token,char_3gram_k10	US	Economic Development Guild III LLC	*** Economic Development Guild III LLC Council	939 Westchester Circle, Hendersonville, TN	Hendersonville, 940 Westchester Cir, Tennessee	0.8095	1.0	0.3409	0.6	0	0
S1-173971969	S3-210351517	A. Blocking FN (Candidate miss)	0.0	999	0	NONE	India	Hotel It Pvt Ltd	Htl It Pvt Ltd	Kailash Bihari Singh, Cou, Po-Bhagwan, Chapra, Saran, Bihar	Kailash Bihari Singh, Chapra, BR, Saran	0.875	0.75	0.6111	0.8333	0	0
S1-650254962	S3-15338428	A. Blocking FN (Candidate miss)	0.0	999	0	NONE	India	Jay Agro Private Limited	জয় অ্যাগ্রো প্রাইভেট লিমিটেড	1St-Fr, 6/A/1, Tulsi Charan Mitra Garden Lane, Bally Jagachha, Howrah, West Bengal	Bally Jagachha, Howrah, WB, 1St-Fr/2, 6/A/1, Tulsi Charan Mitra Garden Lane	0.1111	0.0	0.2083	0.8667	0	0
S1-878079632	S3-418287157	B. Model FN (Candidate hit, scored < threshold)	0.3794	1	4	address_token,char_3gram_k10,name_core,name_web_norm	US	Smart Medical Works Inc	Smart Medical  Works	620 Hogan Road, Nashville, TN	0620 Hogan Rd, Nashville, Tennessee	0.8261	1.0	0.7576	0.6	0	0
S1-420915986	S2-911182333	A. Blocking FN (Candidate miss)	0.0	999	0	NONE	India	Real Tech Private Limited	रियल टेक प्राइवेट लिमिटेड	House No.339, Pocket A-01, Keshav Puram, Delhi, North West, Delhi	HOUSE NO.A-339, N/A, DIVREPORTINGCIRCLE, NORTH WEST, Delhi	0.08	0.0	0.4906	0.875	0	0
S1-918043867	S3-810946157	B. Model FN (Candidate hit, scored < threshold)	0.1808	1	2	address_token,rare_token	India	Aathi Trading Limited	Aathi Tsrrdging Limited	610 Arneja Cornersector 17 Vashi, New Mumbai, Maharashtra	6-10 Arneja Cornersector 17 Vashi, महाराष्ट्र	0.8696	0.6667	0.6182	0.5	0	0
S1-85659903	S3-980886320	A. Blocking FN (Candidate miss)	0.0	999	0	NONE	India	Supreme It Private Limited	ਸੁਪਰੀਮ ਆਈਟੀ ਪ੍ਰਾਈਵੇਟ ਲਿਮਟਿਡ	Sco No.204 Second Floor, Raja Commercials, B-Xv-79/A-1, Vishwakarma Chowk, Miller Ganj, G.T. Road, Ludhiana, Punjab	Sco No.b3/204 Second Floor, Ludhiana, PB	0.0385	0.0	0.2843	0.75	0	0
S1-441821984	S3-890496189	B. Model FN (Candidate hit, scored < threshold)	0.1145	3	2	char_3gram_k10,rare_token	India	Balaji Finance Pvt Ltd	Balaji Finance Ltd Pvt (ID: 85000)	East Delhi, B-32, Delhi, U/G/F/B/S Office No.1, 1St Floor, Subhash Chowk, Near Hira Sweets, Vikas Marg, Lax, Mi Nagar, New Delhi	#D/176 B-32, DL, East Delhi, Preet Vihar	0.6129	1.0	0.2143	0.4444	0	0
S1-537417002	S3-100341802	B. Model FN (Candidate hit, scored < threshold)	0.1859	94	1	rare_token	India	Steels Institute Limited	Steels Inisturet Limited	C/O Bharat Lal Arnoda, Mangrol, Chittorgarh, Rajasthan	C/o Bharat Lal Arnoda, Mangrol, Chittorgarh, राजस्थान	0.7917	0.6667	0.8235	0.875	0	0
S1-717576357	S3-733312846	B. Model FN (Candidate hit, scored < threshold)	0.4429	1	4	exact_name,name_core,name_web_norm,rare_token	India	It Tour	It Tour	Gf/Ff, Ff/10 Kedar 2, Opp. Krupa Petrol Pump, Ahmadabad City, Ahmedabad, Gujarat	Gf/ff, Ahmedabad, ગુજરાત	1.0	1.0	0.2297	0.5	0	0
S1-43043013	S2-840267891	B. Model FN (Candidate hit, scored < threshold)	0.1151	1	4	address_token,char_3gram_k10,name_web_norm,rare_token	US	Sadyna Inc	sadyna.com	1633 Wesbourne Drive, Upper Marlboro, MD	1633C WESBOURNE DR, UPPER MARLBORO, MD	0.7	0.5	0.9722	0.8333	0	0
S1-212282653	S3-720531480	B. Model FN (Candidate hit, scored < threshold)	0.3208	1	5	char_3gram_k10,exact_name,name_core,name_web_norm,rare_token	US	Unified Couriers	Unified  Couriers	15930 Ruby Drive, Milwaukie, OR		1.0	1.0	0.0	0.0	0	0
S1-537121104	S3-753068311	B. Model FN (Candidate hit, scored < threshold)	0.0988	1	4	char_3gram_k10,name_core,name_web_norm,rare_token	India	EM Beneficial Pvt. Ltd.	EM Beneficial [Pvt.]	Ground Floor 1448, Sector-6, Karnal, Haryana	Karnal, Ground Floor 448, Karnal, हरियाणा	0.8095	1.0	0.3684	0.4286	0	0
S1-251863044	S3-402570053	B. Model FN (Candidate hit, scored < threshold)	0.0282	3	2	address_token,rare_token	US	Vinet LLC	Vinet LLC Cénter	3168 Bumpnose Road, Marianna, FL	Bumpnose Rd, Florida, Mairanna	0.5625	1.0	0.3929	0.5	0	0
S1-740947714	S2-434065398	A. Blocking FN (Candidate miss)	0.0	999	0	NONE	India	Anand Sun International Private Limited	આણંદ સન ઇન્ટરનેશનલ પ્રાઇવેટ લિમિટેડ	Gujarat, B 204, Palanpur, Venketeshwar Flat Classic, Agola Road, Banas Kantha	B 204, VENKETESHWAR FLAT CLASSIC, AGOLA ROAD, PALANPUR, DEESA, ગુજરાત	0.1026	0.0	0.5143	0.7273	0	0
S1-567709520	S2-688517122	B. Model FN (Candidate hit, scored < threshold)	0.3146	8	2	house_name,house_token	US	Cornerstone Royalties LLC	Cornerstone LLC Service	5200 Summit Manor Lane, NC, Raleigh, Unit 317	5200 1/2 SUMMIT MANOR LN, RALEIGH, NC	0.52	0.6667	0.65	0.75	1	0
S1-347296100	S3-684033090	B. Model FN (Candidate hit, scored < threshold)	0.0105	7	2	address_token,rare_token	US	Lyde Nano	Lyde Services	8160 Glenrosa Avenue, Phoenix, AZ	008160 Glenrosa Ave, Phoenix, Arizona	0.3846	0.5	0.8	0.6	0	0
