s1_id	target_id	target_source	cosine_similarity	s1_business_name	target_business_name	s1_address	target_address	negative_type
S1-100302483	S2-186950642	source2	0.8588	Indrva Recycling Ltd	Paharia Recycling (India) of	B/3, Axay Park Society, Nr Jakatnaka Gorwa, Vadodara, Gujarat	UNIT NO. 23A/23B/24, TOWER-B2, SPAZE ITECH PARK SECTOR 49, GURUGRAM, GURUGRAM, Haryana	Same Brand / Different Branch or Co-Located Distractor
S1-100469150	S2-192955479	source2	0.8191	Basera Karnataka Public Limited	Vishal  Property Private Limited	Shop No.232, 2Nd Floor, Plot No1025 B, Ashish Industrial Estate, Gokhale Road, South, Mumbai, Mumbai City, Maharashtra	#350 21, NR JAISWAL DHARAMSHALA, GHODA NAKKAS, HUZUR, Madhya Pradesh	Same Brand / Different Branch or Co-Located Distractor
S1-100469150	S2-832022865	source2	0.8182	Basera Karnataka Public Limited	5HREE TOABESC PRIVATE LIMITED	Shop No.232, 2Nd Floor, Plot No1025 B, Ashish Industrial Estate, Gokhale Road, South, Mumbai, Mumbai City, Maharashtra	T.F.-305, SATYAM MALL, OPP.SAMAN COMPLEX, NR.VISHWESHWAR MAHADEV MANDIR, SETTELITE, AHMADABAD CITY, AHMEDABAD, Gujarat	Same Brand / Different Branch or Co-Located Distractor
S1-100469150	S2-213807488	source2	0.8178	Basera Karnataka Public Limited	Shri Unique Engiglnerding Private Limited	Shop No.232, 2Nd Floor, Plot No1025 B, Ashish Industrial Estate, Gokhale Road, South, Mumbai, Mumbai City, Maharashtra	A-53 , SWARNIM INDUSTRIAL ESTATE, BAKROL, BUNJRANG, DASCROI, Gujarat	Same Brand / Different Branch or Co-Located Distractor
S1-100469150	S2-508328321	source2	0.8077	Basera Karnataka Public Limited	ગુડ એસ્ટેટ Private Limited	Shop No.232, 2Nd Floor, Plot No1025 B, Ashish Industrial Estate, Gokhale Road, South, Mumbai, Mumbai City, Maharashtra	#53, 1ST FLOOR, AKSHAY BUILDING, SHRIMALI SOCIETY, NAVRANGPURA, AHMADABAD CITY, AHMEDABAD, Gujarat	Same Brand / Different Branch or Co-Located Distractor
S1-100469150	S2-9723901	source2	0.8031	Basera Karnataka Public Limited	Gujarat Syshems Private Limited	Shop No.232, 2Nd Floor, Plot No1025 B, Ashish Industrial Estate, Gokhale Road, South, Mumbai, Mumbai City, Maharashtra	NO. 21 M / 88 / 2, MIDC, WALUJ, AURANGABAD, Maharashtra	Same Brand / Different Branch or Co-Located Distractor
S1-100469150	S2-18670662	source2	0.8028	Basera Karnataka Public Limited	Mumbai Land Private	Shop No.232, 2Nd Floor, Plot No1025 B, Ashish Industrial Estate, Gokhale Road, South, Mumbai, Mumbai City, Maharashtra	C 703/704 REMI BIZCOURTVEER DESAI ROAD ANDHERI (W), MUMBAI, Maharashtra	Same Brand / Different Branch or Co-Located Distractor
S1-100469150	S2-24755221	source2	0.8015	Basera Karnataka Public Limited	ડાયનેમિક આણંદ કન્સલ્ટિંગ પ્રાઇવેટ લિમિટેડ	Shop No.232, 2Nd Floor, Plot No1025 B, Ashish Industrial Estate, Gokhale Road, South, Mumbai, Mumbai City, Maharashtra	PLOT NO.16, MAHAGUJARAT INDUSTRIAL ESTATE AHMEDABAD BAVLA ROAD, MORAIYA, CHANGODAR, AHMEDABAD, Gujarat	Same Brand / Different Branch or Co-Located Distractor
S1-100469150	S2-292719735	source2	0.7992	Basera Karnataka Public Limited	Mangalam India Private Limited	Shop No.232, 2Nd Floor, Plot No1025 B, Ashish Industrial Estate, Gokhale Road, South, Mumbai, Mumbai City, Maharashtra	H.NO A-36/1949GRED ROSE APARTMENTS KATHRIKADAVU ROAD KALOOR, ERNAKULAM, Kerala	Same Brand / Different Branch or Co-Located Distractor
S1-100469150	S2-579106491	source2	0.7976	Basera Karnataka Public Limited	KRITTIS INDUSTRIESPRIVATE-PRIVATE (LIMITED)	Shop No.232, 2Nd Floor, Plot No1025 B, Ashish Industrial Estate, Gokhale Road, South, Mumbai, Mumbai City, Maharashtra	HOUSE NUMBER 1-311/9, KAVALI PALLI, PILER, Andhra Pradesh	Same Brand / Different Branch or Co-Located Distractor
S1-100469150	S2-63037002	source2	0.7975	Basera Karnataka Public Limited	Narayan Propertiesprivate Public Limited	Shop No.232, 2Nd Floor, Plot No1025 B, Ashish Industrial Estate, Gokhale Road, South, Mumbai, Mumbai City, Maharashtra	D-00237, KUSUM VIAR, JAIPUR, Rajasthan	Same Brand / Different Branch or Co-Located Distractor
S1-100469150	S2-494464735	source2	0.7941	Basera Karnataka Public Limited	Sri International Construction Public Limited	Shop No.232, 2Nd Floor, Plot No1025 B, Ashish Industrial Estate, Gokhale Road, South, Mumbai, Mumbai City, Maharashtra	H.NO 927 636/650, DHANLAXMI MARKET, REVDI BAZAR, AHMEDABAD, Gujarat	Same Brand / Different Branch or Co-Located Distractor
S1-100469150	S2-874533194	source2	0.794	Basera Karnataka Public Limited	रियल फूड	Shop No.232, 2Nd Floor, Plot No1025 B, Ashish Industrial Estate, Gokhale Road, South, Mumbai, Mumbai City, Maharashtra	25/9 Y A CHUNAWALA INDUSTRIAL ESTATE KONDIVITA LANE, MUMBAI, ANDHERI EAST, Maharashtra	Same Brand / Different Branch or Co-Located Distractor
S1-100469150	S2-272524011	source2	0.7939	Basera Karnataka Public Limited	Kolkata Mérchandising Private Limited	Shop No.232, 2Nd Floor, Plot No1025 B, Ashish Industrial Estate, Gokhale Road, South, Mumbai, Mumbai City, Maharashtra	22, MAHATMA GANDHI ROAD, GROUND FLOOR, KOLKATA, পশ্চিমবঙ্গ	Same Brand / Different Branch or Co-Located Distractor
S1-100469150	S2-90119518	source2	0.7919	Basera Karnataka Public Limited	Pune Builders Public Limited	Shop No.232, 2Nd Floor, Plot No1025 B, Ashish Industrial Estate, Gokhale Road, South, Mumbai, Mumbai City, Maharashtra	NO 87 SHAKUNTALA APTS, NRNILAYAM 2163/4 SADASHIV PETH, PANE, Maharashtra	Same Brand / Different Branch or Co-Located Distractor
S1-100469150	S2-320014524	source2	0.7915	Basera Karnataka Public Limited	Mishka Retail Private-Limited	Shop No.232, 2Nd Floor, Plot No1025 B, Ashish Industrial Estate, Gokhale Road, South, Mumbai, Mumbai City, Maharashtra	Andhra Pradesh, 2-2-647/28/1, F NO C2, 2ND FLOOR APPAJI ENCLAVE, BAGH AMBERPET, AMBERPET, HYDERABAD	Same Brand / Different Branch or Co-Located Distractor
S1-100469150	S2-493998976	source2	0.7912	Basera Karnataka Public Limited	ईस्टर्न एग्रो प्राइवेट लिमिटेड	Shop No.232, 2Nd Floor, Plot No1025 B, Ashish Industrial Estate, Gokhale Road, South, Mumbai, Mumbai City, Maharashtra	A-512, SANJAY BUILDING NO. 5, MITTAL ESTATE ANDHERI KURLA ROAD, ANDHERI (EAST), MUMBAI, MUMBAI CITY, Maharashtra	Same Brand / Different Branch or Co-Located Distractor
S1-100469150	S2-532650068	source2	0.7904	Basera Karnataka Public Limited	SWATI INFRASTRUCTURE PRIVATE [(LIMITED)]	Shop No.232, 2Nd Floor, Plot No1025 B, Ashish Industrial Estate, Gokhale Road, South, Mumbai, Mumbai City, Maharashtra	#448 CTS NO. E/789, PLOT NO. 56, OPP. BMC MARKET, 2ND ROAD, KHAR WEST, MUMBAI, N/A, Maharashtra	Same Brand / Different Branch or Co-Located Distractor
S1-100469150	S2-356207350	source2	0.7881	Basera Karnataka Public Limited	Indra Private Eduventures Limited	Shop No.232, 2Nd Floor, Plot No1025 B, Ashish Industrial Estate, Gokhale Road, South, Mumbai, Mumbai City, Maharashtra	BLOCK F-600 S NO 24/7 PASALKAR INDUSTRIAL ESTATE SINHAGAD ROAD, NANDED PHATA, SINHAGAD ROAD, HAVELI, महाराष्ट्र	Same Brand / Different Branch or Co-Located Distractor
S1-100469150	S2-909960255	source2	0.787	Basera Karnataka Public Limited	... Bombay Estate Private Ltd	Shop No.232, 2Nd Floor, Plot No1025 B, Ashish Industrial Estate, Gokhale Road, South, Mumbai, Mumbai City, Maharashtra	MUMBAI CITY, BHAVESHWAR ARCADE, LBS MARG, GHATKOPAR (WEST), MUMBAI, HN 0651 505-508, Maharashtra	Same Brand / Different Branch or Co-Located Distractor
S1-100469150	S2-942809953	source2	0.7864	Basera Karnataka Public Limited	Sadar Bazar International  Private Limited	Shop No.232, 2Nd Floor, Plot No1025 B, Ashish Industrial Estate, Gokhale Road, South, Mumbai, Mumbai City, Maharashtra	BLOCK F-338 HOUSE NO. 817, SECTOR 15 PART 2, SADAR BAZAR, Haryana	Same Brand / Different Branch or Co-Located Distractor
S1-100469150	S2-315275205	source2	0.7852	Basera Karnataka Public Limited	Shri Association Innovative Public Limited	Shop No.232, 2Nd Floor, Plot No1025 B, Ashish Industrial Estate, Gokhale Road, South, Mumbai, Mumbai City, Maharashtra	G-G-191 GROUND FLOOR, RAGHULEELA MEGA MALL POISAR, KANDIVALI WEST, MUMBAI, महाराष्ट्र	Same Brand / Different Branch or Co-Located Distractor
S1-100469150	S2-957582437	source2	0.785	Basera Karnataka Public Limited	OS Enclave Private  Limited	Shop No.232, 2Nd Floor, Plot No1025 B, Ashish Industrial Estate, Gokhale Road, South, Mumbai, Mumbai City, Maharashtra	TC 76/181/5, PUTHUVAL HOUSE, BEEMAPALLY, THIRUVANANTHAPURAM, THIRUVANANTHAPURAM, Kerala	Same Brand / Different Branch or Co-Located Distractor
S1-100469150	S2-378024681	source2	0.7844	Basera Karnataka Public Limited	Aris City Private  Limited	Shop No.232, 2Nd Floor, Plot No1025 B, Ashish Industrial Estate, Gokhale Road, South, Mumbai, Mumbai City, Maharashtra	C/O R K SAXENA, GROUND FLOOR P-#14, SECTOR-1I, NOIDA, Uttar Pradesh	Same Brand / Different Branch or Co-Located Distractor
S1-100469150	S2-891948772	source2	0.7844	Basera Karnataka Public Limited	Kwick & Sons Prnaee Limited	Shop No.232, 2Nd Floor, Plot No1025 B, Ashish Industrial Estate, Gokhale Road, South, Mumbai, Mumbai City, Maharashtra	SHOP NO S-181, HAWARE FANTASIA BUSINESS PARK PLOT NO 47, SECTOR 30A, VASHI, NAVI MUMBAI, Maharashtra	Same Brand / Different Branch or Co-Located Distractor
S1-100469150	S2-894384835	source2	0.7843	Basera Karnataka Public Limited	Shakti Foundation Public Limited	Shop No.232, 2Nd Floor, Plot No1025 B, Ashish Industrial Estate, Gokhale Road, South, Mumbai, Mumbai City, Maharashtra	#5 171, KAILASH CO-OP HSG SOC, FLAT NO 1, OPP. FILMISTAN STUDIO, GOREGAON, MUMBAI, Maharashtra	Same Brand / Different Branch or Co-Located Distractor
S1-101051030	S2-481377128	source2	0.7113	Life Logistics LLP	Life  Trading Limited Center	Erode, Kuyilan Thoppu, Kongu Nagar, Karungalpalayam, Tamil Nadu, 31/5, Erode	Tamil Nadu, NO.93, ACHARAPPAN STREET PARRYS, CHENNAI	Same Brand / Different Branch or Co-Located Distractor
S1-101051030	S2-132974793	source2	0.711	Life Logistics LLP	Kashipur Logistics	Erode, Kuyilan Thoppu, Kongu Nagar, Karungalpalayam, Tamil Nadu, 31/5, Erode	DOOR NO 21/2 DHANKAWADI, UPPETR, PUNE, Maharashtra	Same Brand / Different Branch or Co-Located Distractor
S1-101477220	S2-405414228	source2	0.7394	Shree Elevators Ltd	Career Elevators Private Ltd	Unit No. 207, 2Nd Floor, Prestige Copper Arch, No. 83, Infantry Road, Bangalore, Karnataka	OFFICE NO. ##711, RK PRIME, NR. SILVER HEIGHT, NANA MAVA CIRCLE, 150 FEET RING ROAD, RAJKOT, Gujarat	Same Brand / Different Branch or Co-Located Distractor
S1-101477220	S2-704751152	source2	0.7246	Shree Elevators Ltd	Mr Madhuram Elevators Private Limited	Unit No. 207, 2Nd Floor, Prestige Copper Arch, No. 83, Infantry Road, Bangalore, Karnataka	E6-201/12, BELEDANGA MAIN ROAD, SARSUNA, SOUTH 24 PARGANAS, KOLKATA, West Bengal	Same Brand / Different Branch or Co-Located Distractor
S1-101958370	S2-712754184	source2	0.7631	Bay Invesco	valley guild	Little Valley, NY, 208 Fair Oak Street	225 ERNST STREET, OAK HARBOR, WA	Same Brand / Different Branch or Co-Located Distractor
S1-101958370	S2-895582776	source2	0.7138	Bay Invesco	Blue Federal  Oaktree LLC	Little Valley, NY, 208 Fair Oak Street	TN, CLARKSVILLE, 290 DARNELL ST	Same Brand / Different Branch or Co-Located Distractor
S1-101958370	S2-325866948	source2	0.7022	Bay Invesco	Neille Rolfes	Little Valley, NY, 208 Fair Oak Street	5313 CRESTMONT STREET, BAYTOWN, TX	Same Brand / Different Branch or Co-Located Distractor
S1-102258592	S2-800464717	source2	0.7407	OV Creative Cohen, LLC	#big7	2501 Fair Meadows Drive, Unit 246, Springfield, OH	21201 SPRING MEADOW DRIVE, CHAPEL HILL, NC	Same Brand / Different Branch or Co-Located Distractor
S1-102258592	S2-509940498	source2	0.7398	OV Creative Cohen, LLC	# 5 EK Grupo Llc	2501 Fair Meadows Drive, Unit 246, Springfield, OH	19-11 131 AVENUE, SPRINGFIELD GARDENS, NY	Same Brand / Different Branch or Co-Located Distractor
S1-102258592	S2-452464237	source2	0.7322	OV Creative Cohen, LLC	ríbrands.com	2501 Fair Meadows Drive, Unit 246, Springfield, OH	LEWIS CENTER, 20 OLENTANGY MEADOWS DR, OH	Same Brand / Different Branch or Co-Located Distractor
S1-102258592	S2-574321972	source2	0.7229	OV Creative Cohen, LLC	Etf Inc | www.etfinc.com	2501 Fair Meadows Drive, Unit 246, Springfield, OH	2016 MEADOW SPRINGS DR, N/A, HASSLET CITY, TX	Same Brand / Different Branch or Co-Located Distractor
S1-102258592	S2-904984460	source2	0.7156	OV Creative Cohen, LLC	1440 FOURTH PLAZA CO	2501 Fair Meadows Drive, Unit 246, Springfield, OH	645 HARVEST GLEN DRIVE, RICHARDSON, TX	Same Brand / Different Branch or Co-Located Distractor
S1-102258592	S2-922243833	source2	0.7102	OV Creative Cohen, LLC	DELTAPURPOSE.COM	2501 Fair Meadows Drive, Unit 246, Springfield, OH	10816 ROYAL GLEN DRIVE, ORRLAND PARK TOWNSHIP, IL	Same Brand / Different Branch or Co-Located Distractor
S1-102258592	S2-267714454	source2	0.7085	OV Creative Cohen, LLC	Izabel P. Escobar, DDS Co	2501 Fair Meadows Drive, Unit 246, Springfield, OH	824 WEST ST, GARDEN PLAIN, KS	Same Brand / Different Branch or Co-Located Distractor
S1-102258592	S2-363634967	source2	0.7015	OV Creative Cohen, LLC	Izabel P. Escobar,	2501 Fair Meadows Drive, Unit 246, Springfield, OH	824 WEST STREET, KS, GARDEN PLAIN	Same Brand / Different Branch or Co-Located Distractor
S1-102345719	S2-723642257	source2	0.9523	RZH Pbc LLC	ZH  Pbc LLC	1301 71st Drive, Village Of Union Grove, WI	WI, 1304 71ST DRIVE, VILLAGE OF UNION GROVE	Same Brand / Different Branch or Co-Located Distractor
S1-102345719	S2-956067903	source2	0.7706	RZH Pbc LLC	RJ Procap	1301 71st Drive, Village Of Union Grove, WI	218 6RD STREET, VILLAGE OF NORTH HUDSON, WI	Same Brand / Different Branch or Co-Located Distractor
S1-102345719	S2-628626692	source2	0.7559	RZH Pbc LLC	MEREDITHE KHLIEE ROGERS INC	1301 71st Drive, Village Of Union Grove, WI	9130 ROTHBURY DRIVE, MONTGOMERY VILLAGE CDP, MD	Same Brand / Different Branch or Co-Located Distractor
S1-102345719	S2-36533649	source2	0.755	RZH Pbc LLC	R 8 Q Pet Cear Co	1301 71st Drive, Village Of Union Grove, WI	1796 SHUMANN DR, VILLAGE OF UNION GROVE, WI	Same Brand / Different Branch or Co-Located Distractor
S1-102345719	S2-780103150	source2	0.7352	RZH Pbc LLC	Cornerstone LLC #94053	1301 71st Drive, Village Of Union Grove, WI	VA, RICHMOND, 5798 WESTOVER VILLAGE DR	Same Brand / Different Branch or Co-Located Distractor
S1-102345719	S2-699499247	source2	0.7299	RZH Pbc LLC	WFI Midcap (LLC)	1301 71st Drive, Village Of Union Grove, WI	1140 1/2 VILLAGE LN, COROLLAC ITY, NC	Same Brand / Different Branch or Co-Located Distractor
S1-102345719	S2-986895596	source2	0.7291	RZH Pbc LLC	Apex Bsmv	1301 71st Drive, Village Of Union Grove, WI	1710 PARKLAKE VILLAGE DR, KATY, TX	Same Brand / Different Branch or Co-Located Distractor
S1-102345719	S2-843469949	source2	0.7007	RZH Pbc LLC	Jinny Nhan, CPA, M.D., [P.C.]	1301 71st Drive, Village Of Union Grove, WI	7358  WINBERT DR, WHEATFIELD, NY	Same Brand / Different Branch or Co-Located Distractor
S1-102345719	S2-25714222	source2	0.7002	RZH Pbc LLC	PARTAIN, RUTHANNE, MD LLC	1301 71st Drive, Village Of Union Grove, WI	1081 PARKSIDE DR, TEMPE, AZ	Same Brand / Different Branch or Co-Located Distractor
S1-102621309	S2-851344341	source2	0.8097	Southern Hawaii, Inc	Thompson Pacific Aldabra Inc.	21172 State Route 251, St Martin, OH	8204 282ST STREET, ROY, WA	Same Brand / Different Branch or Co-Located Distractor
S1-102621309	S2-255122739	source2	0.7509	Southern Hawaii, Inc	Pacific Heartland PLLC Brc	21172 State Route 251, St Martin, OH	2379 205TH STREET, INDEPENDNCE, IA	Same Brand / Different Branch or Co-Located Distractor
S1-102621309	S2-707039857	source2	0.7359	Southern Hawaii, Inc	Kestari Hawaii Ínc	21172 State Route 251, St Martin, OH	1214. GRANT STREET, REDFIELD, IA	Same Brand / Different Branch or Co-Located Distractor
S1-102621309	S2-945603285	source2	0.7338	Southern Hawaii, Inc	LARA PACIFIC	21172 State Route 251, St Martin, OH	648 ROBERTSVILLE ROAD, OAK RIDGE, TN	Same Brand / Different Branch or Co-Located Distractor
S1-102621309	S2-709540039	source2	0.7057	Southern Hawaii, Inc	UE Sún LLC	21172 State Route 251, St Martin, OH	326 77TH ST, N/A, SEATTLE, WA	Same Brand / Different Branch or Co-Located Distractor
S1-102621309	S2-775788440	source2	0.7051	Southern Hawaii, Inc	Pacific Supreme Rre East LLC	21172 State Route 251, St Martin, OH	TX, HOUSTON, 1567 Chestnut Tree Ln	Same Brand / Different Branch or Co-Located Distractor
S1-102945390	S2-994558157	source2	0.7493	Pune City Cold Private Limited	NARAYAN (SERVICES)	Office No. A-406, Forth Floor, Building Name - The Stellar, Laxmi Chowk Road, Pune City, Pune, Maharashtra	OFFICE NO. 14, 1ST FLOOR, HUBTOWN SOLARIS, OFF. N S PHADKE ROAD, SAIWADI ANDHERI (EAST) NE, AR FLYOVER, MUMBAI, Maharashtra	Same Brand / Different Branch or Co-Located Distractor
S1-102945390	S2-843503740	source2	0.7458	Pune City Cold Private Limited	Pune City Kiran Pvt. [Ltd.]	Office No. A-406, Forth Floor, Building Name - The Stellar, Laxmi Chowk Road, Pune City, Pune, Maharashtra	S.NO.25 (P) BLDG A5/803 ROHAN ANANTA PUNE CITY, PUNE CITY, Maharashtra	Same Brand / Different Branch or Co-Located Distractor
S1-102945390	S2-74182119	source2	0.7427	Pune City Cold Private Limited	LAKSHMI SOLAR LLP	Office No. A-406, Forth Floor, Building Name - The Stellar, Laxmi Chowk Road, Pune City, Pune, Maharashtra	DOOR NO /A FIRST FLOOR 6/A BHARAT BAZAR GANDHI NAGAR OPP. MUNICIPAL ESTATE D.S.ROAD WORLI, MUMBAI, Maharashtra	Same Brand / Different Branch or Co-Located Distractor
S1-102945390	S2-825954032	source2	0.7365	Pune City Cold Private Limited	Pune City Trans Private Ltd	Office No. A-406, Forth Floor, Building Name - The Stellar, Laxmi Chowk Road, Pune City, Pune, Maharashtra	716 , SPOT 18 RAHATANI, PUNE CITY, N/A, Maharashtra	Same Brand / Different Branch or Co-Located Distractor
S1-102945390	S2-402644725	source2	0.7258	Pune City Cold Private Limited	Suryavi Private Limited (Center)	Office No. A-406, Forth Floor, Building Name - The Stellar, Laxmi Chowk Road, Pune City, Pune, Maharashtra	#D/1046 , 2ND FLOOR AHATA NO. 59, BLOCK B, SHASTRI NAGAR, DELHI, Delhi	Same Brand / Different Branch or Co-Located Distractor
S1-102945390	S2-543864390	source2	0.7232	Pune City Cold Private Limited	Sarasesh Private Limited (Center)	Office No. A-406, Forth Floor, Building Name - The Stellar, Laxmi Chowk Road, Pune City, Pune, Maharashtra	H.NO 326 M G ROADASHOL VIJAY CPX, PUNE, Maharashtra	Same Brand / Different Branch or Co-Located Distractor
S1-102945390	S2-344245075	source2	0.7198	Pune City Cold Private Limited	Pune City Spinning Private (Limited)	Office No. A-406, Forth Floor, Building Name - The Stellar, Laxmi Chowk Road, Pune City, Pune, Maharashtra	PREMIER CITY BLD F FL-603, EMPIREESTATES NO4510 CHD, PUNE CITY, महाराष्ट्र	Same Brand / Different Branch or Co-Located Distractor
S1-102945390	S2-591495235	source2	0.7172	Pune City Cold Private Limited	साउथ जैन कंसल्टिंग	Office No. A-406, Forth Floor, Building Name - The Stellar, Laxmi Chowk Road, Pune City, Pune, Maharashtra	PUNE CITY, THE CAPITAL, EISHA LOREALS, KONDHWA KD, PUNE, Maharashtra, OFFICE NO-102	Same Brand / Different Branch or Co-Located Distractor
S1-102945390	S2-942275467	source2	0.7148	Pune City Cold Private Limited	SMA GURUKUL PERILVEH [LIMITED]	Office No. A-406, Forth Floor, Building Name - The Stellar, Laxmi Chowk Road, Pune City, Pune, Maharashtra	303A, NITYANAND COMPLEX, 247/A, BUND GARDEN ROAD, PUNE CITY, महाराष्ट्र	Same Brand / Different Branch or Co-Located Distractor
S1-102945390	S2-300373097	source2	0.7118	Pune City Cold Private Limited	Shree Pvt. (Ltd.-Center)	Office No. A-406, Forth Floor, Building Name - The Stellar, Laxmi Chowk Road, Pune City, Pune, Maharashtra	S.NO.D/135, KOTHRUD, SARVATRA, HSG SOCY, BLDG 3, F BO 6, PUNE CITY, महाराष्ट्र	Same Brand / Different Branch or Co-Located Distractor
S1-102945390	S2-518115365	source2	0.7099	Pune City Cold Private Limited	Keerthana Smart Private Ltd	Office No. A-406, Forth Floor, Building Name - The Stellar, Laxmi Chowk Road, Pune City, Pune, Maharashtra	Maharashtra, UNIT NO #711, 7TH FLOOR, RUPA SOLITAIRE, A-1, TTC INDUSTRIAL AREA, MBP, 2 MAHAPE, NAVI MUMBAI	Same Brand / Different Branch or Co-Located Distractor
S1-102945390	S2-549110351	source2	0.7045	Pune City Cold Private Limited	गुड हॉस्पिटैलिटी प्राइवेट लिमिटेड	Office No. A-406, Forth Floor, Building Name - The Stellar, Laxmi Chowk Road, Pune City, Pune, Maharashtra	UNIT / NO. 505, MUMBAI, MUMBAI CITY, Maharashtra	Same Brand / Different Branch or Co-Located Distractor
S1-102945390	S2-770652512	source2	0.704	Pune City Cold Private Limited	Private Classic Infrastructure Limited	Office No. A-406, Forth Floor, Building Name - The Stellar, Laxmi Chowk Road, Pune City, Pune, Maharashtra	PUNE, FIRST FLOOR, DR. SADHALE BUILDING, SR NO.129, Maharashtra, PUNE REGION	Same Brand / Different Branch or Co-Located Distractor
S1-102945390	S2-732811902	source2	0.7019	Pune City Cold Private Limited	Simna Sronis Private Limited	Office No. A-406, Forth Floor, Building Name - The Stellar, Laxmi Chowk Road, Pune City, Pune, Maharashtra	C/O MR. MOOL CHAND D-2-10, JJ COLONY KHANPUR, SOUTH DELHI, Delhi	Same Brand / Different Branch or Co-Located Distractor
S1-102945390	S2-426144370	source2	0.7018	Pune City Cold Private Limited	Pune City Infotech Pvt Ltd	Office No. A-406, Forth Floor, Building Name - The Stellar, Laxmi Chowk Road, Pune City, Pune, Maharashtra	PL NO BG/1/15 GENRAL, BLOCK NR TEL. EXG. MIDC, PUNE CITY, Maharashtra	Same Brand / Different Branch or Co-Located Distractor
S1-102945390	S2-454388173	source2	0.7006	Pune City Cold Private Limited	Bhavin Heltgae-Private Limited	Office No. A-406, Forth Floor, Building Name - The Stellar, Laxmi Chowk Road, Pune City, Pune, Maharashtra	FLAT NO 602, A WING, METROPOLIS CHS LTD, J P ROAD, ANDHERI WEST, MUMBAI, Maharashtra	Same Brand / Different Branch or Co-Located Distractor
S1-103510122	S2-745478213	source2	0.8413	H 7 S Logistics LP	Hanna Logistics Llc	7849 Costa, Fl 1, Scottsdale, AZ	08704 113TH AVE, NEWCASTLE, WA	Same Brand / Different Branch or Co-Located Distractor
S1-103510122	S2-925582834	source2	0.8251	H 7 S Logistics LP	Wilker Logistics [(Corp)]	7849 Costa, Fl 1, Scottsdale, AZ	S87W27363 RIDGEWAY COURT, MUKWONAGO, WI	Same Brand / Different Branch or Co-Located Distractor
S1-103510122	S2-866028493	source2	0.7672	H 7 S Logistics LP	Rita  American Logistics	7849 Costa, Fl 1, Scottsdale, AZ	00116 PINE STREET, NEW LONDON, NC	Same Brand / Different Branch or Co-Located Distractor
S1-103510122	S2-844104560	source2	0.7606	H 7 S Logistics LP	Y 2 Cargo Inc Service	7849 Costa, Fl 1, Scottsdale, AZ	00154 GREENWOOD AVE, BARNSTABLE, MA	Same Brand / Different Branch or Co-Located Distractor
S1-103510122	S2-528367458	source2	0.756	H 7 S Logistics LP	Hicks's Atlantic Logistics L.L.C.	7849 Costa, Fl 1, Scottsdale, AZ	5291 Trotter Trl, VICTORIA, MN	Same Brand / Different Branch or Co-Located Distractor
S1-103510122	S2-318676811	source2	0.7518	H 7 S Logistics LP	Heneghan Logistics	7849 Costa, Fl 1, Scottsdale, AZ	AL, 715 BAY ROAD, MOBILE	Same Brand / Different Branch or Co-Located Distractor
S1-103510122	S2-608824849	source2	0.7486	H 7 S Logistics LP	Horizon Logistics	7849 Costa, Fl 1, Scottsdale, AZ	4132. NORTHWEST BLVD, DAVENPORT, IA	Same Brand / Different Branch or Co-Located Distractor
S1-103510122	S2-970236252	source2	0.7482	H 7 S Logistics LP	Quality Logistics Co #94994	7849 Costa, Fl 1, Scottsdale, AZ	1213 INWAN ST, WAHPETON, IA	Same Brand / Different Branch or Co-Located Distractor
S1-103510122	S2-870693052	source2	0.7212	H 7 S Logistics LP	CLYORA LOGISTICS LLC	7849 Costa, Fl 1, Scottsdale, AZ	3505 OWASSO STREET, <NULL>, SAINT PAUL, MN	Same Brand / Different Branch or Co-Located Distractor
S1-103510122	S2-954635741	source2	0.7202	H 7 S Logistics LP	Unified Logistics Laboratorreis Inc	7849 Costa, Fl 1, Scottsdale, AZ	3541 CAROLYN STREET, MILLCREEK, UT	Same Brand / Different Branch or Co-Located Distractor
S1-103510122	S2-388167220	source2	0.7194	H 7 S Logistics LP	Pinnacle Logistics Concepts L.L.C.	7849 Costa, Fl 1, Scottsdale, AZ	925 FOREST AVENUE, EVANSTON, IL	Same Brand / Different Branch or Co-Located Distractor
S1-103510122	S2-31958613	source2	0.7185	H 7 S Logistics LP	Tirupati Logistics	7849 Costa, Fl 1, Scottsdale, AZ	HN 948 HOUSE NO.174, 1ST FLOOR, POCKET-12, SECTOR-24, ROHINI, DELHI, Delhi	Same Brand / Different Branch or Co-Located Distractor
S1-103510122	S2-625899005	source2	0.7166	H 7 S Logistics LP	Vanguard  Logistics Partners Inc	7849 Costa, Fl 1, Scottsdale, AZ	802D CHAPMAN STREET, GREENSBORO, NC	Same Brand / Different Branch or Co-Located Distractor
S1-103510122	S2-568426737	source2	0.7096	H 7 S Logistics LP	Hsueh's Cargo Midtown, L.L.C.	7849 Costa, Fl 1, Scottsdale, AZ	21218 ENCANTO BLVD, BUCKEYE CIITY, AZ	Same Brand / Different Branch or Co-Located Distractor
S1-103510122	S2-993824191	source2	0.7078	H 7 S Logistics LP	Innovative Logistics Concepts LLC	7849 Costa, Fl 1, Scottsdale, AZ	OK, 406 G SNREET, HUGO	Same Brand / Different Branch or Co-Located Distractor
S1-103510122	S2-300618629	source2	0.7007	H 7 S Logistics LP	Vanguard Logistics Laboratories Co	7849 Costa, Fl 1, Scottsdale, AZ	799 WALLACE ROAD, SALEM TOWNSHIP, OR	Same Brand / Different Branch or Co-Located Distractor
S1-105129136	S2-684927326	source2	0.7239	Create Finance	Marielle Abeita Treasury Co	K.V.Rangareddy, Ft.No.1912, Uppal, Telangana, 19-Th Floor, Nsl East County, Tower-1	10504 BATTLEVIEW PWY, PRINCE WILLIAM COUNTY, VA	Same Brand / Different Branch or Co-Located Distractor
S1-105632026	S2-441775766	source2	0.7811	American Coastal Tankers	Baker Northside Tankers Co	2073 Rubicon Place, Cincinnati, OH	6834 ROY HOBBS ROAD, TUCSON, AZ	Same Brand / Different Branch or Co-Located Distractor
S1-105632026	S2-467890656	source2	0.7683	American Coastal Tankers	Judd-Tankers Inc	2073 Rubicon Place, Cincinnati, OH	00473 Sunrise Rd, ALPINE, CO	Same Brand / Different Branch or Co-Located Distractor
S1-105632026	S2-685689907	source2	0.7627	American Coastal Tankers	IVENARI TANKERS	2073 Rubicon Place, Cincinnati, OH	AL, ASHFORD, OLE TAYLOR PL	Same Brand / Different Branch or Co-Located Distractor
S1-105632026	S2-787441240	source2	0.7201	American Coastal Tankers	N0rth Gulf Couriers of  Henderson Corp	2073 Rubicon Place, Cincinnati, OH	234-238 PINEWOOD DRIVE, HENDERSON, NC	Same Brand / Different Branch or Co-Located Distractor
S1-105632026	S2-780872035	source2	0.7144	American Coastal Tankers	Gulf Continental Charlton	2073 Rubicon Place, Cincinnati, OH	12873. PYXIS PL, TUCSON, AZ	Same Brand / Different Branch or Co-Located Distractor
S1-106042723	S2-285322096	source2	0.7293	Lewis Express Two	Lesniak, Antonietta B., MD P.C.	3019 Old Gamber Road, Finksburg, MD	4639 HAWKSBURY ROAD, PIKESVILLE, MD	Same Brand / Different Branch or Co-Located Distractor
S1-106042723	S2-689471288	source2	0.7285	Lewis Express Two	S P & V	3019 Old Gamber Road, Finksburg, MD	95 ALEX HILLIARD, LOUISBURG, NC	Same Brand / Different Branch or Co-Located Distractor
S1-106042723	S2-699640550	source2	0.7284	Lewis Express Two	Rossbach & Leon	3019 Old Gamber Road, Finksburg, MD	2241 23RD STREET PL, HICKORY, NC	Same Brand / Different Branch or Co-Located Distractor
S1-106042723	S2-709100721	source2	0.7283	Lewis Express Two	Durkee, Chenault and Johnson Inc	3019 Old Gamber Road, Finksburg, MD	337 TARTAN DR, HENDERSON, KY	Same Brand / Different Branch or Co-Located Distractor
S1-106042723	S2-784007294	source2	0.7191	Lewis Express Two	Blaney, Taylor & Schrock	3019 Old Gamber Road, Finksburg, MD	157 Holten Street, DANVERS, MA	Same Brand / Different Branch or Co-Located Distractor
S1-106042723	S2-538680925	source2	0.7149	Lewis Express Two	Morgan & Trapp Inc	3019 Old Gamber Road, Finksburg, MD	742. GARCIA, TUCSON, AZ	Same Brand / Different Branch or Co-Located Distractor
