s1_id	target_id	category	classical_candidate	embedding_candidate	embedding_rank	embedding_similarity	model_score	prediction
S1-713886955	S3-244551534	3. Severe OCR / Typo Distortion	False	True	2	0.7861	0.7861	A. EMB_RETRIEVED_AND_ACCEPTED
S1-900135353	S2-881037529	1. Multilingual Indic Script	False	False	999	0.4738	0.05	C. EMB_NOT_RETRIEVED
S1-497653195	S2-514118622	1. Multilingual Indic Script	False	False	999	0.4797	0.05	C. EMB_NOT_RETRIEVED
S1-522879734	S3-284561873	1. Multilingual Indic Script	False	False	999	0.6604	0.05	C. EMB_NOT_RETRIEVED
S1-49474663	S2-784017251	1. Multilingual Indic Script	False	False	999	0.5365	0.05	C. EMB_NOT_RETRIEVED
S1-387819994	S2-821872573	3. Severe OCR / Typo Distortion	False	True	1	0.7936	0.7936	A. EMB_RETRIEVED_AND_ACCEPTED
S1-566143634	S2-280387127	1. Multilingual Indic Script	False	False	999	0.513	0.05	C. EMB_NOT_RETRIEVED
S1-235827905	S3-873543936	3. Severe OCR / Typo Distortion	False	True	1	0.9352	0.9352	A. EMB_RETRIEVED_AND_ACCEPTED
S1-235827905	S3-245041126	1. Multilingual Indic Script	False	False	999	0.3396	0.05	C. EMB_NOT_RETRIEVED
S1-618364441	S2-773032786	1. Multilingual Indic Script	False	True	37	0.6899	0.6899	B. EMB_RETRIEVED_BUT_REJECTED
S1-221384458	S2-70880749	1. Multilingual Indic Script	False	True	192	0.6603	0.6603	B. EMB_RETRIEVED_BUT_REJECTED
S1-946901276	S2-465552220	3. Severe OCR / Typo Distortion	False	False	999	0.5354	0.05	C. EMB_NOT_RETRIEVED
S1-380094562	S2-254066509	3. Severe OCR / Typo Distortion	False	True	1	0.7729	0.7729	A. EMB_RETRIEVED_AND_ACCEPTED
S1-921119146	S3-215617986	3. Severe OCR / Typo Distortion	False	True	1	0.9593	0.9593	A. EMB_RETRIEVED_AND_ACCEPTED
S1-549086594	S2-808013831	1. Multilingual Indic Script	False	False	999	0.5631	0.05	C. EMB_NOT_RETRIEVED
S1-125132307	S3-11641846	3. Severe OCR / Typo Distortion	False	True	1	0.9403	0.9403	A. EMB_RETRIEVED_AND_ACCEPTED
S1-138706126	S3-7669744	3. Severe OCR / Typo Distortion	False	True	1	0.9554	0.9554	A. EMB_RETRIEVED_AND_ACCEPTED
S1-383319619	S3-693673409	2. Missing Target Address	False	False	999	0.5588	0.05	C. EMB_NOT_RETRIEVED
S1-725482440	S2-447747530	3. Severe OCR / Typo Distortion	False	True	1	0.9089	0.9089	A. EMB_RETRIEVED_AND_ACCEPTED
S1-786497576	S2-787350941	3. Severe OCR / Typo Distortion	False	True	1	0.7144	0.7144	A. EMB_RETRIEVED_AND_ACCEPTED
S1-705366048	S3-465809081	3. Severe OCR / Typo Distortion	False	True	1	0.844	0.844	A. EMB_RETRIEVED_AND_ACCEPTED
S1-148848342	S3-445550561	3. Severe OCR / Typo Distortion	False	True	1	0.7441	0.7441	A. EMB_RETRIEVED_AND_ACCEPTED
S1-86561619	S3-248586476	1. Multilingual Indic Script	False	True	146	0.7249	0.7249	A. EMB_RETRIEVED_AND_ACCEPTED
S1-309658496	S3-600088937	2. Missing Target Address	False	True	92	0.5217	0.5217	B. EMB_RETRIEVED_BUT_REJECTED
S1-959580291	S2-998661747	2. Missing Target Address	False	True	1	0.913	0.913	A. EMB_RETRIEVED_AND_ACCEPTED
S1-955866957	S2-86825041	1. Multilingual Indic Script	False	False	999	0.5586	0.05	C. EMB_NOT_RETRIEVED
S1-173971969	S3-210351517	3. Severe OCR / Typo Distortion	False	True	9	0.7682	0.7682	A. EMB_RETRIEVED_AND_ACCEPTED
S1-650254962	S3-15338428	1. Multilingual Indic Script	False	False	999	0.6699	0.05	C. EMB_NOT_RETRIEVED
S1-420915986	S2-911182333	1. Multilingual Indic Script	False	False	999	0.622	0.05	C. EMB_NOT_RETRIEVED
S1-85659903	S3-980886320	1. Multilingual Indic Script	False	False	999	0.5328	0.05	C. EMB_NOT_RETRIEVED
S1-740947714	S2-434065398	1. Multilingual Indic Script	False	False	999	0.7	0.05	C. EMB_NOT_RETRIEVED
