source1_entity_id	candidate_entity_id	country	s1_name	candidate_name	s1_address	candidate_address	negative_reason
S1-133037285	S2-980137130	us	Christ Chapel	Christ Chapel	2100 Cameron Drive, Unit APARTMENT G, Dundalk, MD	3565 BAXTER DR, MT, HELNA	Identical Name / Different Address Entity
S1-133037285	S2-98820396	us	Christ Chapel	CHRIST CHAPEL CORP	2100 Cameron Drive, Unit APARTMENT G, Dundalk, MD	976 FORGE RIDGE RD, HARROGATE, TN	Identical Name / Different Address Entity
S1-133037285	S2-387504930	us	Christ Chapel	Christ  Chapel	2100 Cameron Drive, Unit APARTMENT G, Dundalk, MD	3730 Rodesco Dr, PUYALLUP, WA	Identical Name / Different Address Entity
S1-133037285	S2-372466877	us	Christ Chapel	CHRIST CHAPEL CORP	2100 Cameron Drive, Unit APARTMENT G, Dundalk, MD	030606 PLANTATION DR, DAMON, TX	Identical Name / Different Address Entity
S1-133037285	S2-857147519	us	Christ Chapel	CHRIST CHAPEL INC.	2100 Cameron Drive, Unit APARTMENT G, Dundalk, MD	73 LASALLE AVE, BUFFALO, NY	Identical Name / Different Address Entity
S1-133037285	S2-502997597	us	Christ Chapel	Christ Chapel Ltd	2100 Cameron Drive, Unit APARTMENT G, Dundalk, MD	TREMONT STREET, NEW BEDFORD, MA	Identical Name / Different Address Entity
S1-865131206	S2-703500620	us	Helios	helios ltd	66 Edgewood Street, Bridgeport, CT	0126 HOUSTON ST, FORT WORTH, TX	Identical Name / Different Address Entity
S1-865131206	S2-300835415	us	Helios	Helios [Inc]	66 Edgewood Street, Bridgeport, CT	CHARLWOOD, NORTHBROOK, IL	Identical Name / Different Address Entity
S1-865131206	S2-622467860	us	Helios	HELIOS	66 Edgewood Street, Bridgeport, CT	##10118 JOY DR, FRISCO, TX	Identical Name / Different Address Entity
S1-865131206	S2-237038454	us	Helios	HELIOS LLC	66 Edgewood Street, Bridgeport, CT	1033 Condor Junction Rd, WENDELL, NC	Identical Name / Different Address Entity
S1-865131206	S2-737629109	us	Helios	HELIOS  LLC	66 Edgewood Street, Bridgeport, CT	##4007 SYCAMORE DRIVE, COLMUBUS, IN	Identical Name / Different Address Entity
S1-865131206	S2-340726883	us	Helios	Helios	66 Edgewood Street, Bridgeport, CT	CARPENTER STREET, GREENSBORO, NC	Identical Name / Different Address Entity
S1-865131206	S2-541199318	us	Helios	Helios LLC	66 Edgewood Street, Bridgeport, CT	494 HUB BOULEVARD, BOWLING GREEN, KY	Identical Name / Different Address Entity
S1-865131206	S2-336336951	us	Helios	Helios Co	66 Edgewood Street, Bridgeport, CT	VA, TAZEWELL COUNTY, 2212 1/2 WITTENS MILL ROAD	Identical Name / Different Address Entity
S1-865131206	S2-908474052	us	Helios	Helios Inc	66 Edgewood Street, Bridgeport, CT	6056-6058 BEECHER LOOP, PRESCOTT VALLEY, AZ	Identical Name / Different Address Entity
S1-865131206	S2-310128489	us	Helios	HELIOS  LLC	66 Edgewood Street, Bridgeport, CT	053 2975, ROY, UT	Identical Name / Different Address Entity
S1-865131206	S2-617606666	us	Helios	#helios	66 Edgewood Street, Bridgeport, CT	12186 SCHOLLS FERRY ROAD, TIGARD, OR	Identical Name / Different Address Entity
S1-865131206	S2-577724547	us	Helios	Helios	66 Edgewood Street, Bridgeport, CT	5715-5719 ROCKPORT LANDING PLACE, MIDLOTHIAN, VA	Identical Name / Different Address Entity
S1-865131206	S2-909744971	us	Helios	HELIOS LLC	66 Edgewood Street, Bridgeport, CT	12 LINCOLN AVENUE, ALBANY, NY	Identical Name / Different Address Entity
S1-865131206	S2-903221804	us	Helios	Helios Co	66 Edgewood Street, Bridgeport, CT	244-246 GOLDEN RD, PO BOX 4480, ROCHESTER, NY	Identical Name / Different Address Entity
S1-865131206	S2-209746679	us	Helios	HELIOS	66 Edgewood Street, Bridgeport, CT	WINSTON-SALEM, 517 OAK SUMMIT ROAD, NC	Identical Name / Different Address Entity
S1-865131206	S2-544979911	us	Helios	Helios	66 Edgewood Street, Bridgeport, CT	1570, GREENVILLE, TX	Identical Name / Different Address Entity
S1-865131206	S2-74226485	us	Helios	Helios Inc	66 Edgewood Street, Bridgeport, CT	#695 PARK LN, PO BOX 3170, MONROE, WA	Identical Name / Different Address Entity
S1-865131206	S2-432480129	us	Helios	HELIOS-LLC	66 Edgewood Street, Bridgeport, CT	2317 WINTERS DR, GRANITE CITY, IL	Identical Name / Different Address Entity
S1-990319941	S2-742590392	us	Holy Synagogue	HOLY  SYNAGOGUE	Sapulpa, OK, 2204 Park Street	WASHINGTON STREET, BROWNSVILLE, TX	Identical Name / Different Address Entity
S1-990319941	S2-181633374	us	Holy Synagogue	*** Holy Synagogue	Sapulpa, OK, 2204 Park Street	716 BOLWING CAVE RD, SEVIERVILLE, TN	Identical Name / Different Address Entity
S1-990319941	S2-95835320	us	Holy Synagogue	Holy Synagogue	Sapulpa, OK, 2204 Park Street	194 Azalea Dr, GADSDEN, AL	Identical Name / Different Address Entity
S1-990319941	S2-383997398	us	Holy Synagogue	Holy Synagogue Corporation	Sapulpa, OK, 2204 Park Street	1609 8TH ST, MASON CITY, IA	Identical Name / Different Address Entity
S1-990319941	S2-198325409	us	Holy Synagogue	Holy Synagogue	Sapulpa, OK, 2204 Park Street	1310 HORIZON DR, MARSHALL, MN	Identical Name / Different Address Entity
S1-990319941	S2-74209293	us	Holy Synagogue	holy synagogue co	Sapulpa, OK, 2204 Park Street	WA, LYNNWOOD, 6716 200TH ST	Identical Name / Different Address Entity
S1-990319941	S2-958937890	us	Holy Synagogue	Holy  Synagogue	Sapulpa, OK, 2204 Park Street	006825 RED HOUSE ROAD, APPOMATTOX, VA	Identical Name / Different Address Entity
S1-791217329	S2-903446816	india	Indian Brothers Private Limited	indian brothers private limited	#17/1, Lower Ground Floor, 1St Cross, Lalbagh Road, Bangalore South, Bangalore, Karnataka	পশ্চিমবঙ্গ, DOOR NO 49 C/O SWARUP SAHA KALNA KALNA I SASHPUR KALNA KALNA P, BARDHAMAN	Identical Name / Different Address Entity
S1-791217329	S2-892330737	india	Indian Brothers Private Limited	Indian Brothers Corp	#17/1, Lower Ground Floor, 1St Cross, Lalbagh Road, Bangalore South, Bangalore, Karnataka	F-643-A, MIA EXTENSION, RAMGARH, Rajasthan	Identical Name / Different Address Entity
S1-401372098	S2-680259279	us	Apex Inc	Apex LLC	108 Richardson Street, Bethany, WV	NY, 31 ROSE AVENUE, SOUTHAMPTON	Identical Name / Different Address Entity
S1-401372098	S2-970742178	us	Apex Inc	Apex, Inc	108 Richardson Street, Bethany, WV	24 EMS D18 LANE, SYRACUSE, IN	Identical Name / Different Address Entity
S1-401372098	S2-967350220	us	Apex Inc	Apex  Incorporated	108 Richardson Street, Bethany, WV	13617 55ND AVENUE, GLENDALE, AZ	Identical Name / Different Address Entity
S1-401372098	S2-947954302	us	Apex Inc	Apex	108 Richardson Street, Bethany, WV	1128 Swann Street, PARKERSBURG, WV	Identical Name / Different Address Entity
S1-401372098	S2-357104008	us	Apex Inc	apex, inc	108 Richardson Street, Bethany, WV	4735 HONEY OAK RUN, FORT WAYNE, IN	Identical Name / Different Address Entity
S1-401372098	S2-804963475	us	Apex Inc	Apex	108 Richardson Street, Bethany, WV	210 WASHINGTON AVE, ELYRIA, OH	Identical Name / Different Address Entity
S1-401372098	S2-723456368	us	Apex Inc	Apex	108 Richardson Street, Bethany, WV	11842 ALTADENA AVENUE, EL MIRAGE, AZ	Identical Name / Different Address Entity
S1-401372098	S2-569990287	us	Apex Inc	Apex Ltd	108 Richardson Street, Bethany, WV	11436 208TH ST, KENT, WA	Identical Name / Different Address Entity
S1-401372098	S2-587113958	us	Apex Inc	Apex Incorporated	108 Richardson Street, Bethany, WV	HAGERSTOWN, 242 1/2 POTOMAC SAINT, MD	Identical Name / Different Address Entity
S1-401372098	S2-511462087	us	Apex Inc	Apex, LLC	108 Richardson Street, Bethany, WV	1584 C ST, ARKANSS CITY, KS	Identical Name / Different Address Entity
S1-370715897	S2-113363527	us	Primary Care Physicians Inc.	Primary Care Physicians-Inc.	53 Park Lane, Wellsville, NY	790 OLD DENNING ROAD, null, PRINCETON, NC	Identical Name / Different Address Entity
S1-370715897	S2-713228091	us	Primary Care Physicians Inc.	Primary Care Physicians Inc	53 Park Lane, Wellsville, NY	2584 MCINTYRE ROAD, SAVANNA, IL	Identical Name / Different Address Entity
S1-370715897	S2-171797283	us	Primary Care Physicians Inc.	Primary Care Physicians  LLC	53 Park Lane, Wellsville, NY	IL, #1021 ROCK ISLAND AVE, PEORIA	Identical Name / Different Address Entity
S1-370715897	S2-152334398	us	Primary Care Physicians Inc.	Primary Care Physicians Ltd	53 Park Lane, Wellsville, NY	WASHINGTON, DC, 5140 NEBRASKA AVE	Identical Name / Different Address Entity
S1-370715897	S2-525390784	us	Primary Care Physicians Inc.	PRIMARY CARE PHYSICIANS	53 Park Lane, Wellsville, NY	CHARDON, OH, 10516 THWING ROAD	Identical Name / Different Address Entity
S1-27029362	S2-165707418	us	Global Ministries	Global Ministries	74 429, Stockdale, TX	315 BAYVIEW AVE, DEWEY BEACH, DE	Identical Name / Different Address Entity
S1-514155563	S2-668189279	us	Horizon LLC	Horizon Llc	2025 Sterigere Street, West Norriton Township, PA	7019 GEOGRIA AVE, WASHINGTON, DC	Identical Name / Different Address Entity
S1-514155563	S2-946872072	us	Horizon LLC	HORIZON	2025 Sterigere Street, West Norriton Township, PA	00315 Mason Street, SPRINGFIELD, IL	Identical Name / Different Address Entity
S1-514155563	S2-322562376	us	Horizon LLC	Horizon (Inc)	2025 Sterigere Street, West Norriton Township, PA		Identical Name / Different Address Entity
S1-514155563	S2-800852337	us	Horizon LLC	Horizon	2025 Sterigere Street, West Norriton Township, PA	EASTMONT, 011521 56TH DR, WA	Identical Name / Different Address Entity
S1-514155563	S2-324109559	us	Horizon LLC	Horizon  LLC	2025 Sterigere Street, West Norriton Township, PA	05960 141nd Avenue, BEAVERTON, OR	Identical Name / Different Address Entity
S1-514155563	S2-358211105	us	Horizon LLC	Horizon	2025 Sterigere Street, West Norriton Township, PA	3828 GOLDFINCH DRIVE, CRVALLIS, OR	Identical Name / Different Address Entity
S1-514155563	S2-205334308	us	Horizon LLC	... Horizon  Corp	2025 Sterigere Street, West Norriton Township, PA	01234 BITTEROOT COURT, INDIANAPOLIS, IN	Identical Name / Different Address Entity
S1-514155563	S2-601671492	us	Horizon LLC	HORIZON CO.	2025 Sterigere Street, West Norriton Township, PA	142 HATLEY-BURRIS ROAD, RED CROSS, NC	Identical Name / Different Address Entity
S1-514155563	S2-252130764	us	Horizon LLC	HORIZON, LLC	2025 Sterigere Street, West Norriton Township, PA	WA, LILLIWAUP, 991 COLONY SURF DR	Identical Name / Different Address Entity
S1-514155563	S2-663697186	us	Horizon LLC	horizon ltd	2025 Sterigere Street, West Norriton Township, PA	562 DOGWMOD AVENUE, PO BOX 2249, FRESNO, TX	Identical Name / Different Address Entity
S1-492467148	S2-432259596	us	Cure Bike Shop	CURE BIKE SHOP	1317 University City Boulevard, Unit APT 5, Blacksburg Town, VA	207. COBBLE STONE CT, VICTORIA, TX	Identical Name / Different Address Entity
S1-947119891	S2-243138095	us	Prairie Initiative	prairie initiative	15 Bellview Avenue, Brookhaven, NY	34 169TH DR, GOODEYAR, AZ	Identical Name / Different Address Entity
S1-947119891	S2-582376177	us	Prairie Initiative	Prairie Initiative Inc	15 Bellview Avenue, Brookhaven, NY	2371 PARK AVE, CINCINNATI, OH	Identical Name / Different Address Entity
S1-708796012	S2-590685339	us	Board of Consumer Affairs	Board of-Consumer [Affairs]	122 Dayton Yellow Springs Road, Unit 4, Fairborn, OH	Briarwood Circle, CRYSTAL LAKE, IL	Identical Name / Different Address Entity
S1-708796012	S2-837104461	us	Board of Consumer Affairs	Board of Consumer Affairs LLC	122 Dayton Yellow Springs Road, Unit 4, Fairborn, OH	1046 SENECA DR, PO BOX 5448, WAUSEON, OH	Identical Name / Different Address Entity
S1-708796012	S2-260948862	us	Board of Consumer Affairs	BOARD OF CONSUMER AFFAIRS	122 Dayton Yellow Springs Road, Unit 4, Fairborn, OH	OH, UHRICHSVILLE, 313 MCCAULEY DR	Identical Name / Different Address Entity
S1-746273151	S2-817651174	us	Pediatric Dental Physicians Inc	PEDIATRIC DENTAL  PHYSICIANS LTD	53 Laroche Lane, Hebron, ME	311 TALLN COURT, PO BOX 4478, SMYRNA, DE	Identical Name / Different Address Entity
S1-746273151	S2-597770411	us	Pediatric Dental Physicians Inc	PEDIATRIC DENTAL PHYSICIANS INC	53 Laroche Lane, Hebron, ME	9 CHASE AVENUE, SOUTH NYACK, NY	Identical Name / Different Address Entity
S1-746273151	S2-586596654	us	Pediatric Dental Physicians Inc	Pediatric Dental  Physicians LLC	53 Laroche Lane, Hebron, ME	FOP LODGE RD, JACKSON SGAP, AL	Identical Name / Different Address Entity
S1-746273151	S2-853807040	us	Pediatric Dental Physicians Inc	Pediatric Dental Physicians	53 Laroche Lane, Hebron, ME	430 CARROLL AVE, AMES, IA	Identical Name / Different Address Entity
S1-746273151	S2-535762772	us	Pediatric Dental Physicians Inc	Pediatric  Dental Physicians LLC	53 Laroche Lane, Hebron, ME	6-C GAY HEAD STREET, JAMAICAP LAIN, MA	Identical Name / Different Address Entity
S1-746273151	S2-769594899	us	Pediatric Dental Physicians Inc	Pediatric Dental Physicians Inc.	53 Laroche Lane, Hebron, ME	540 MOORING LANE, DAYTON, OH	Identical Name / Different Address Entity
S1-21084577	S2-475143453	us	Harbor Alliance	HARBOR  ALLIANCE	45 Goff Street, Corning, NY	433 18ST SAINT, ROCHESTER, IN	Identical Name / Different Address Entity
S1-21084577	S2-124299928	us	Harbor Alliance	HARBOR ALLIANCE [LLC]	45 Goff Street, Corning, NY	727 WILSON AVENUE, JOHNSON CITY, TN	Identical Name / Different Address Entity
S1-804300777	S2-844320521	india	Swastik Hospitality Private Limited	Swastik Hospitality Private  Limited	S No 268 Swami Samarth Nagar Ph-I Flat- 15 Building-D/Ii Chichwad, Pune, Maharashtra	C/O SUBHRA BANDYOPADHYAY, FATAKGORA SUKSANATANTALA, ABHOY PATULI LANE, CHINSURAH - MAGRA, পশ্চিমবঙ্গ	Identical Name / Different Address Entity
S1-8092452	S2-743855755	us	Urban Nails!	Urban Nails [Ltd]	1262 Grandstaff Avenue, Lancaster, OH	4 LNVALE LN, AMESBURY, MA	Identical Name / Different Address Entity
S1-8092452	S2-889558797	us	Urban Nails!	Urban  Nails Corp	1262 Grandstaff Avenue, Lancaster, OH	OR, 1246  71ST AVENUE, PORTLAND	Identical Name / Different Address Entity
S1-8092452	S2-180932287	us	Urban Nails!	Urban Nails	1262 Grandstaff Avenue, Lancaster, OH	7495 SULTANA AVENUE, FONTANA, CA	Identical Name / Different Address Entity
S1-111673633	S2-279776099	india	Anand Projects Private Limited	Anand Projects Private Limited	H No.1-1-188/C3, Jj Nagar, Opp Govt Junior College, Suryapet, Nalgonda, Telangana	Gujarat, 3014-3015, GIDC, PHASE--3	Identical Name / Different Address Entity
S1-111673633	S2-899694348	india	Anand Projects Private Limited	Anand Projects	H No.1-1-188/C3, Jj Nagar, Opp Govt Junior College, Suryapet, Nalgonda, Telangana	NO 15/67 A, KMARAJAPURAM WEST, KARUR, Tamil Nadu	Identical Name / Different Address Entity
S1-740254254	S2-195865543	us	Pediatric Prairie Physicians, LLC	Pediatric  Prairie Physicians, LLC	Salem, IL, 1009 Trenary Avenue	22919 14ND PL, BOTHELL, WA	Identical Name / Different Address Entity
S1-988516196	S2-165535019	us	Bright Pub!	Bright Pub  Inc	1455 Thompson Road, Woodburn, OR	6774 KESWICK DR, TX, DALLAS	Identical Name / Different Address Entity
S1-988516196	S2-452914600	us	Bright Pub!	Bright Pub	1455 Thompson Road, Woodburn, OR	INDIANAPOLIS, 435 MISSION DR, IN	Identical Name / Different Address Entity
S1-988516196	S2-914030116	us	Bright Pub!	BRIGHT PUB LTD	1455 Thompson Road, Woodburn, OR	153 HIGH STREET, PORTLAND TOWNSHIIP, ME	Identical Name / Different Address Entity
S1-988516196	S2-100583077	us	Bright Pub!	Bright Pub!	1455 Thompson Road, Woodburn, OR	1806  1ST ST, GREENVILLE, NC	Identical Name / Different Address Entity
S1-612217752	S2-252517547	us	Zediis Platinum Independence LLC	zediis platinum independence llc	884 Pinnacle Hill Road, Kingston Springs, TN	807 LEMA AVE, SALINA, KS	Identical Name / Different Address Entity
S1-498738124	S2-380155329	us	Primary Care Medicine	Primary Care Medicine	1509 Primrose Lane, Cary, NC	7021 ALABONSON RD, HOUSTON, TX	Identical Name / Different Address Entity
S1-498738124	S2-393369185	us	Primary Care Medicine	Primary Care Medicine Co	1509 Primrose Lane, Cary, NC	0116 LAKE ST, BATAVIA, IL	Identical Name / Different Address Entity
S1-498738124	S2-31948478	us	Primary Care Medicine	Primary Care Medicine	1509 Primrose Lane, Cary, NC		Identical Name / Different Address Entity
S1-498738124	S2-516392039	us	Primary Care Medicine	Primary Care Medicine Llc	1509 Primrose Lane, Cary, NC	341 TERRA SPRINGS CIRCLE, VOLO, IL	Identical Name / Different Address Entity
S1-498738124	S2-388628918	us	Primary Care Medicine	Primary Care Medicine Inc	1509 Primrose Lane, Cary, NC	31  WATERFORD PL, CHELMSFORD, MA	Identical Name / Different Address Entity
S1-498738124	S2-511725487	us	Primary Care Medicine	Primary Care  Medicine	1509 Primrose Lane, Cary, NC	WA, POULSBO, MT WALKER DRIVE	Identical Name / Different Address Entity
S1-498738124	S2-407175475	us	Primary Care Medicine	Primary Care Medicine	1509 Primrose Lane, Cary, NC	604. 77 SUNSHINE STRIP, HARLINGEN, TX	Identical Name / Different Address Entity
S1-498738124	S2-771869698	us	Primary Care Medicine	Primary Care Medicine LLC	1509 Primrose Lane, Cary, NC	16810 34TH WAY, VANCOUVER, WA	Identical Name / Different Address Entity
S1-748364403	S2-850544105	us	Eye Group	EYE (GROUP)	802 Buffalo Street, Unit 8, Johnson City, TN	18 WESTVIEW LN, BRUNSWICK, ME	Identical Name / Different Address Entity
S1-748364403	S2-911609949	us	Eye Group	Eye Group	802 Buffalo Street, Unit 8, Johnson City, TN	08 BRIAR RIDGE, FESTUS, MO	Identical Name / Different Address Entity
S1-748364403	S2-542077103	us	Eye Group	Eye Group	802 Buffalo Street, Unit 8, Johnson City, TN	21577 PLEASANT ROAD, IL, RUSHVILLE	Identical Name / Different Address Entity
S1-748364403	S2-405768279	us	Eye Group	Eye Group	802 Buffalo Street, Unit 8, Johnson City, TN	Benttree Drive, OWENSBORO, KY	Identical Name / Different Address Entity
S1-748364403	S2-535588891	us	Eye Group	Eye Group	802 Buffalo Street, Unit 8, Johnson City, TN	878 CODY BRANCH, ROBBINSVILLE, NC	Identical Name / Different Address Entity
S1-748364403	S2-307451605	us	Eye Group	Eye Group Inc	802 Buffalo Street, Unit 8, Johnson City, TN	11163 JORDAN ROAD, CATO, NY	Identical Name / Different Address Entity
S1-616755144	S2-512169185	us	Keystone LLC	Keystone	72 R M Way, Mead, OK	611A JULIETTE AVENUE, MANHATTAN, KS	Identical Name / Different Address Entity
S1-616755144	S2-635209951	us	Keystone LLC	Keystone [Co]	72 R M Way, Mead, OK	2717 JACQUELINE DRIVE, WILMINGTON, DE	Identical Name / Different Address Entity
S1-616755144	S2-843506643	us	Keystone LLC	KEYSTONE (CORP)	72 R M Way, Mead, OK	4685 SHADYBROOK DRIVE, SYKESVILLE, MD	Identical Name / Different Address Entity
S1-616755144	S2-617462704	us	Keystone LLC	Keystone	72 R M Way, Mead, OK	8810 1/2 BRILEY DRIVE, DALLAS, TX	Identical Name / Different Address Entity
S1-616755144	S2-378579994	us	Keystone LLC	Keystone Incorporated	72 R M Way, Mead, OK	WA, 191D FOXFIELD DR, PORT TOWNSEND	Identical Name / Different Address Entity
S1-616755144	S2-467171117	us	Keystone LLC	Keystone Inc	72 R M Way, Mead, OK	217 EASTONW DR, COLUMBUS GROVE, OH	Identical Name / Different Address Entity
S1-616755144	S2-601990798	us	Keystone LLC	Keystone Inc.	72 R M Way, Mead, OK	##94 RAYMOND ROAD, GILFORD, CT	Identical Name / Different Address Entity
S1-616755144	S2-36484827	us	Keystone LLC	Keystone	72 R M Way, Mead, OK	1170 MAIN ST, N/A, MILLIS, MA	Identical Name / Different Address Entity
S1-616755144	S2-40508521	us	Keystone LLC	Keystone	72 R M Way, Mead, OK	123 OLD MILL DR, CAMP HILL, PA	Identical Name / Different Address Entity
S1-356319224	S2-100604092	us	Womens Health Care	Womens Health Care [Inc]	32 Lexington Avenue, Unit 1, Somerville, MA	434 BAY ST, DUNN, NC	Identical Name / Different Address Entity
S1-356319224	S2-435170686	us	Womens Health Care	WOMENS HEALTH CARE	32 Lexington Avenue, Unit 1, Somerville, MA	730 CARLISLE STREET, MORGGANFIELD, KY	Identical Name / Different Address Entity
S1-356319224	S2-863007999	us	Womens Health Care	Womens Health Care Co	32 Lexington Avenue, Unit 1, Somerville, MA	731 CARLISLE ST, MORGANFIELD, KY	Identical Name / Different Address Entity
S1-356319224	S2-293340145	us	Womens Health Care	Womens Health Care	32 Lexington Avenue, Unit 1, Somerville, MA	PIGEON LANE, SHINGLETOWN, CA	Identical Name / Different Address Entity
S1-356319224	S2-51732597	us	Womens Health Care	Womens Health  Care Inc	32 Lexington Avenue, Unit 1, Somerville, MA	2300 UNIVRESITY AVE, LITTLE ROCK CITY, AR	Identical Name / Different Address Entity
S1-356319224	S2-189452226	us	Womens Health Care	Womens Health Care	32 Lexington Avenue, Unit 1, Somerville, MA	19012 GEROGE NORRIS, MANOOR CDP, TX	Identical Name / Different Address Entity
S1-356319224	S2-79176143	us	Womens Health Care	WOMENS HEALTH CARE INC	32 Lexington Avenue, Unit 1, Somerville, MA	6 CHASE AVENUE, WATERVILLE, ME	Identical Name / Different Address Entity
S1-356319224	S2-873061011	us	Womens Health Care	WOMENS HEALTH CARE CO	32 Lexington Avenue, Unit 1, Somerville, MA	23 OLD US RTE 33, SHADE, OH	Identical Name / Different Address Entity
S1-356319224	S2-273755456	us	Womens Health Care	Womens Health Care Corporation	32 Lexington Avenue, Unit 1, Somerville, MA	16805 138RD AVE, PUYALLUP, WA	Identical Name / Different Address Entity
S1-356319224	S2-458860562	us	Womens Health Care	Womens Health Care LLC	32 Lexington Avenue, Unit 1, Somerville, MA	KS, TOPEKA, 1201 FILLMORE SAINT	Identical Name / Different Address Entity
S1-915022305	S2-671955060	us	Cozy Pub	Cozy Pub	3616 Peterson Avenue, Chicago, IL	16282 280ND AVENUE E, <NULL>, COWETA DP, OK	Identical Name / Different Address Entity
S1-915022305	S2-731429646	us	Cozy Pub	Cozy Pub Corporation	3616 Peterson Avenue, Chicago, IL	7501 HICKORY HILLS CT, NASHVILLE, TN	Identical Name / Different Address Entity
S1-915022305	S2-329607542	us	Cozy Pub	COZY  PUB!	3616 Peterson Avenue, Chicago, IL	WALNUT ST, ELLENSBURG, WA	Identical Name / Different Address Entity
S1-915022305	S2-992109894	us	Cozy Pub	COZY  PUB	3616 Peterson Avenue, Chicago, IL	21891 Alyssa Road, AZ, QUEEN CREEK	Identical Name / Different Address Entity
S1-579617619	S2-333197009	us	Cardiology Center LLC	Cardiology Center	60 Queen Street, Hempstead, NY	525 57TH AVE, MINNEAPOLIS, MN	Identical Name / Different Address Entity
S1-579617619	S2-721316408	us	Cardiology Center LLC	CARDIOLOGY CENTER LLC	60 Queen Street, Hempstead, NY	1609 Fincastle Turnpike, TAZEWELL TOWN, VA	Identical Name / Different Address Entity
S1-579617619	S2-382231525	us	Cardiology Center LLC	CARDIOLOGY-CENTER, CORP.	60 Queen Street, Hempstead, NY	27. ASHDALE CIR, AMHERST, NY	Identical Name / Different Address Entity
S1-579617619	S2-85196223	us	Cardiology Center LLC	Cardiology Center	60 Queen Street, Hempstead, NY	HARRINGTON FIELD DRIVE, HOCKLEY, TX	Identical Name / Different Address Entity
S1-579617619	S2-875059068	us	Cardiology Center LLC	Cardiology  Center	60 Queen Street, Hempstead, NY	9909 BUCKINGHAM DR, FAIRDLE, KY	Identical Name / Different Address Entity
S1-579617619	S2-1893503	us	Cardiology Center LLC	Cardiology Center [Inc.]	60 Queen Street, Hempstead, NY	575 BERRYVILLE ROAD, JONESBORO, IL	Identical Name / Different Address Entity
S1-579617619	S2-27405999	us	Cardiology Center LLC	Cardiology Center	60 Queen Street, Hempstead, NY	21273 263RD LANE, null, BUCKEYE, AZ	Identical Name / Different Address Entity
S1-881770296	S2-301667750	us	Pediatric Dentistry Clinic, Inc	pediatric dentistry clinic	4 Snowbell Lane, Worcester, MA	NY, 74 PERRY AVE, CORNING	Identical Name / Different Address Entity
S1-881770296	S2-879585940	us	Pediatric Dentistry Clinic, Inc	PEDIATRIC DENTISTRY CLINIC	4 Snowbell Lane, Worcester, MA	17025  OLD SCENIC HWY, LA, ZACHARY	Identical Name / Different Address Entity
S1-881770296	S2-606858923	us	Pediatric Dentistry Clinic, Inc	Pediatric  Dentistry Clinic Co	4 Snowbell Lane, Worcester, MA	2532- JENNIFER DRIVE, EDEN CDP, NY	Identical Name / Different Address Entity
S1-881770296	S2-223728135	us	Pediatric Dentistry Clinic, Inc	PEDIATRIC DENTISTRY CLINIC (INC)	4 Snowbell Lane, Worcester, MA	#169 DELAWARE AVENUE, KINGSTON, NY	Identical Name / Different Address Entity
S1-881770296	S2-779023955	us	Pediatric Dentistry Clinic, Inc	PEDIATRIC DENTISTRY CLINIC	4 Snowbell Lane, Worcester, MA	BALTIMORE, 202 HARMISON STREET, MD	Identical Name / Different Address Entity
S1-881770296	S2-231798424	us	Pediatric Dentistry Clinic, Inc	Pediatric  Dentistry Clinic	4 Snowbell Lane, Worcester, MA	3025 145TH CT, WI, CITY OF NEW BERLIN	Identical Name / Different Address Entity
S1-166601186	S2-615126873	us	Pediatric Medicine LLC	Pediatric Medicine LLC	5022 Goose Neck Road, Northwest, NC	158 VETERANS PKWY, JEFFERSONVILLE, IN	Identical Name / Different Address Entity
S1-166601186	S2-182687971	us	Pediatric Medicine LLC	Pediatric  Medicine LLC	5022 Goose Neck Road, Northwest, NC	AL, HALE DR, HUNTSVILLE	Identical Name / Different Address Entity
S1-166601186	S2-786980055	us	Pediatric Medicine LLC	Pediatric Medicine Ltd	5022 Goose Neck Road, Northwest, NC	015 Bell Sprinkle Rd, WEAVERVILLE, NC	Identical Name / Different Address Entity
S1-166601186	S2-991285925	us	Pediatric Medicine LLC	Pediatric Medicine-Inc	5022 Goose Neck Road, Northwest, NC	UNION GROVE, 413 1/2 MITCH RD, NC	Identical Name / Different Address Entity
S1-166601186	S2-915612152	us	Pediatric Medicine LLC	Pediatric Medicine LLC	5022 Goose Neck Road, Northwest, NC	2292 VAUGHN BRIDGE ROAD, HARTSELLE, AL	Identical Name / Different Address Entity
S1-166601186	S2-340780469	us	Pediatric Medicine LLC	Pediatric Medicine	5022 Goose Neck Road, Northwest, NC	5225 NOTTINGHAM DRIVE, EVANSVILLE  CDP, IN	Identical Name / Different Address Entity
S1-166601186	S2-921354746	us	Pediatric Medicine LLC	pediatric medicine	5022 Goose Neck Road, Northwest, NC	930-C MAGNOLIA AVE, ONTARIO, CA	Identical Name / Different Address Entity
S1-166601186	S2-863616877	us	Pediatric Medicine LLC	Pediatric Medicine Inc	5022 Goose Neck Road, Northwest, NC	26638  MILL CREEK DR, ATHENS, AL	Identical Name / Different Address Entity
S1-166601186	S2-691068482	us	Pediatric Medicine LLC	Pediatric Medicine  Incorporated	5022 Goose Neck Road, Northwest, NC	1306 WALNUT STREET, DANVILLE, KY	Identical Name / Different Address Entity
S1-166601186	S2-186664829	us	Pediatric Medicine LLC	Pediatric  Medicine	5022 Goose Neck Road, Northwest, NC	318 RIVER RD, CHESTERTOWN, MD	Identical Name / Different Address Entity
S1-166601186	S2-412247803	us	Pediatric Medicine LLC	PEDIATRIC [MEDICINE]	5022 Goose Neck Road, Northwest, NC	1360 COUNTY ROAD 6496, DAYTON, TX	Identical Name / Different Address Entity
S1-694085192	S2-138749299	us	Internal Medicine Associates	Internal Medicine Associates	5227 Main Street, Unit 32, Downers Grove, IL	11 DEL REY OAKS PL, MONTGOMERY, TX	Identical Name / Different Address Entity
S1-694085192	S2-255462706	us	Internal Medicine Associates	Internal Medicine Associates Corp	5227 Main Street, Unit 32, Downers Grove, IL	BIRDSONG, 00206 STATE HIGHWAY 308 DRIVE, AR	Identical Name / Different Address Entity
S1-694085192	S2-254387698	us	Internal Medicine Associates	Internal Medicine  [Associates]	5227 Main Street, Unit 32, Downers Grove, IL	434 HARRIS AVE, RAEFORD, NC	Identical Name / Different Address Entity
S1-694085192	S2-97550363	us	Internal Medicine Associates	Internal Medicine Associates Ltd	5227 Main Street, Unit 32, Downers Grove, IL	0926 CHESTER AVENUE, TOPEKA, KS	Identical Name / Different Address Entity
S1-694085192	S2-64296283	us	Internal Medicine Associates	Internal Medicine Associates Ltd	5227 Main Street, Unit 32, Downers Grove, IL	4793 CLEVESDALE DRIVE, NULL, CINCINNATI, OH	Identical Name / Different Address Entity
S1-694085192	S2-457608474	us	Internal Medicine Associates	internal medicine associates inc	5227 Main Street, Unit 32, Downers Grove, IL	1415 10TH ST, MCALESTER, OK	Identical Name / Different Address Entity
S1-895771779	S2-352144367	us	24HR Towing	24HR  Towing	641 Midfield Drive, Maumee, OH	103 FOLEY RD, KIRKWOOD, NY	Identical Name / Different Address Entity
S1-895771779	S2-966901727	us	24HR Towing	24HR  (Towing)	641 Midfield Drive, Maumee, OH	12111 WINDBROOK DR, CLINTON, MD	Identical Name / Different Address Entity
S1-895771779	S2-19009763	us	24HR Towing	24HR  Towing LLC	641 Midfield Drive, Maumee, OH	#4002 CREEK WAY, CHESTERFIELD COUNTY, VA	Identical Name / Different Address Entity
S1-436985273	S2-78769581	us	Corner Pilates	CORNER PILATES ((LLC))	KY, 116 Redwood Drive, Frankfort	VALLEY DR, HIGH POINT, NC	Identical Name / Different Address Entity
S1-436985273	S2-629629067	us	Corner Pilates	Corner Pilates Inc.	KY, 116 Redwood Drive, Frankfort	62 SOUTH HAVEN DR, PAROSNS, TN	Identical Name / Different Address Entity
S1-436985273	S2-782997330	us	Corner Pilates	CORNER PILATES	KY, 116 Redwood Drive, Frankfort	0766 GRIJALVA DR, CITY OF SOCORRO, TX	Identical Name / Different Address Entity
S1-436985273	S2-780481569	us	Corner Pilates	CORNER PILATES	KY, 116 Redwood Drive, Frankfort	104 MORRIS LANE, KINGSTON, TN	Identical Name / Different Address Entity
S1-436985273	S2-747466359	us	Corner Pilates	Corner  Pilates	KY, 116 Redwood Drive, Frankfort	260 SOUTH HAVEN DRIVE, PARSONS, TN	Identical Name / Different Address Entity
S1-436985273	S2-645552685	us	Corner Pilates	Corner Pilates Ltd	KY, 116 Redwood Drive, Frankfort	404-408 LOMBARDY DRIVE, OH, BEREA	Identical Name / Different Address Entity
S1-436985273	S2-279413047	us	Corner Pilates	Corner-[Pilates]	KY, 116 Redwood Drive, Frankfort	5702 JOE HERREAR DR, CITY OF EL PASO, TX	Identical Name / Different Address Entity
S1-436985273	S2-927627785	us	Corner Pilates	corner pilates llc	KY, 116 Redwood Drive, Frankfort	0202 Valley Drive, HIGH POINT, NC	Identical Name / Different Address Entity
S1-993357110	S2-935712733	us	Chiropractic Center	Chiropractic Center	416 5th Avenue, East Grand Forks, MN	EUGENE, 3003 DELTA HIGHWAY, OR	Identical Name / Different Address Entity
S1-993357110	S2-185405451	us	Chiropractic Center	Chiropractic Center	416 5th Avenue, East Grand Forks, MN	HIGH POINT, 106 ROCKSPRING RD, NC	Identical Name / Different Address Entity
S1-993357110	S2-139825475	us	Chiropractic Center	Chiropractic Center LLC	416 5th Avenue, East Grand Forks, MN	001137 EVENTIDE BLVD, WILMINGTON TOWNSHIP, NC	Identical Name / Different Address Entity
S1-993357110	S2-825251438	us	Chiropractic Center	Chiropractic Center Llc	416 5th Avenue, East Grand Forks, MN	12868 Cr 330, BIG PRAIRIE, OH	Identical Name / Different Address Entity
S1-993357110	S2-911773924	us	Chiropractic Center	Chiropractic Center	416 5th Avenue, East Grand Forks, MN	052282 LAKE MARY RONAN RD, PO BOX 294, PROCTOR, MT	Identical Name / Different Address Entity
S1-993357110	S2-270301996	us	Chiropractic Center	Chiropractic Center Inc	416 5th Avenue, East Grand Forks, MN	5325 GRMVE ST, SKOKIE, IL	Identical Name / Different Address Entity
S1-993357110	S2-939801152	us	Chiropractic Center	CHIROPRACTIC CENTER	416 5th Avenue, East Grand Forks, MN	229-C ELM PATCH DR, KATY, TX	Identical Name / Different Address Entity
S1-977704542	S2-742488772	us	Williams Strategic	Williams (Strategic)	197 Kenton Run, Wythe County, VA	319 HANOVER STREET, BOSTON, MA	Identical Name / Different Address Entity
S1-338840619	S2-823304317	us	Quartz, LLC	Quartz	602 723, Bldg Residence, Crittenden County, KY	322 GRANT ST, OGDENSBURG, NY	Identical Name / Different Address Entity
S1-338840619	S2-634773433	us	Quartz, LLC	Quartz LLC	602 723, Bldg Residence, Crittenden County, KY	#10 BITTERSWEET DRIVE, HAGERSTOWN, MD	Identical Name / Different Address Entity
S1-338840619	S2-617521178	us	Quartz, LLC	Quartz	602 723, Bldg Residence, Crittenden County, KY	126-A CABOT LN, FAIRHOPE, AL	Identical Name / Different Address Entity
S1-338840619	S2-77325072	us	Quartz, LLC	quartz	602 723, Bldg Residence, Crittenden County, KY	MULLEN AVENUE, RICHFORD, VT	Identical Name / Different Address Entity
S1-338840619	S2-93252860	us	Quartz, LLC	Quartz, Llc	602 723, Bldg Residence, Crittenden County, KY	14997  WALTER ROBINSON LN, HAYMARKET TOWNSHIP, VA	Identical Name / Different Address Entity
S1-338840619	S2-255438115	us	Quartz, LLC	quartz	602 723, Bldg Residence, Crittenden County, KY	18257 MARTIN AVE, HOMEOWOD, IL	Identical Name / Different Address Entity
S1-338840619	S2-620204144	us	Quartz, LLC	QUARTZ	602 723, Bldg Residence, Crittenden County, KY	923 CARMEN ST, TEMPE, AZ	Identical Name / Different Address Entity
S1-338840619	S2-617975221	us	Quartz, LLC	Quartz LLC	602 723, Bldg Residence, Crittenden County, KY	5643 Wild Rye Ct SE, BERTRAM TWP, IA	Identical Name / Different Address Entity
S1-338840619	S2-7104930	us	Quartz, LLC	Quartz, Inc	602 723, Bldg Residence, Crittenden County, KY	410 OSCAR ST, HICKSVILLE VILLAGE, OH	Identical Name / Different Address Entity
S1-338840619	S2-36061379	us	Quartz, LLC	Quartz, LLC	602 723, Bldg Residence, Crittenden County, KY		Identical Name / Different Address Entity
S1-338840619	S2-49268162	us	Quartz, LLC	Quartz LLC	602 723, Bldg Residence, Crittenden County, KY	03850 TUNLAW RD, DC, WASHINGTON	Identical Name / Different Address Entity
S1-338840619	S2-999315581	us	Quartz, LLC	Quartz	602 723, Bldg Residence, Crittenden County, KY	8110 BALSAMWOOD LN, CLAY, NY	Identical Name / Different Address Entity
S1-338840619	S2-249519199	us	Quartz, LLC	quartz inc	602 723, Bldg Residence, Crittenden County, KY	1047 POE ST, ROSWELL, NM	Identical Name / Different Address Entity
S1-338840619	S2-397416071	us	Quartz, LLC	Quartz	602 723, Bldg Residence, Crittenden County, KY	838- 109TH CT, VANCOUVER, WA	Identical Name / Different Address Entity
S1-338840619	S2-376197592	us	Quartz, LLC	Quartz Ltd	602 723, Bldg Residence, Crittenden County, KY	116  BROOKBERRY ROAD, OAK RIDGE, TN	Identical Name / Different Address Entity
S1-338840619	S2-735043347	us	Quartz, LLC	Quartz, LLC	602 723, Bldg Residence, Crittenden County, KY	16810. NORBROOK DR, OLNEY, MD	Identical Name / Different Address Entity
S1-338840619	S2-195407240	us	Quartz, LLC	Quartz (Inc)	602 723, Bldg Residence, Crittenden County, KY	#3038 RYNIKER DRIVE, BILLINGS, MT	Identical Name / Different Address Entity
S1-338840619	S2-952002480	us	Quartz, LLC	Quartz LLC	602 723, Bldg Residence, Crittenden County, KY	0103 HMS STAYNER DRIVE, HINGHAM, MA	Identical Name / Different Address Entity
S1-349873839	S2-699329358	us	Desert College LLC	Desert College  LLC	1819 Stoneridge Lane, Town Of Cedarburg, WI	12680 KINGFISHER RD, GRAND TERRACE, CA	Identical Name / Different Address Entity
S1-944430830	S2-39873745	india	Real Trading	Real Trading	Plot 120, Sy No 41 Kavuri Hills Phase-1, Jubilee Hills, Hyderabad, Telangana	B-6/1, COMMERCIAL CENTER SAFDARIUNG ENCLAVE, NEW DELHI, Delhi	Identical Name / Different Address Entity
S1-944430830	S2-816923258	india	Real Trading	Real Trading  Private Limited	Plot 120, Sy No 41 Kavuri Hills Phase-1, Jubilee Hills, Hyderabad, Telangana	S-326 GREATER KAILASH PART I, NEW DELHI, Delhi	Identical Name / Different Address Entity
S1-402046621	S2-56604558	us	Family Clinic	Family Clinic Inc.	VA, 23037 Olympia Drive, Loudoun County	426 FILLY CT, WALTN, KY	Identical Name / Different Address Entity
S1-402046621	S2-168936816	us	Family Clinic	Family-Clinic Co	VA, 23037 Olympia Drive, Loudoun County	1578 RIVERWOOD DR, LANCASTER, VA	Identical Name / Different Address Entity
S1-402046621	S2-969457467	us	Family Clinic	FAMILY CLINIC  LTD.	VA, 23037 Olympia Drive, Loudoun County	1578 RIVERWOOD DRIVE, LANCASTER, VA	Identical Name / Different Address Entity
S1-402046621	S2-388371145	us	Family Clinic	Family Clinic	VA, 23037 Olympia Drive, Loudoun County	4336-A MOSER LANE, PERRYSBURG, OH	Identical Name / Different Address Entity
S1-402046621	S2-324117010	us	Family Clinic	Family Clinic	VA, 23037 Olympia Drive, Loudoun County	69 REMSEN STREET, STATEN ISLAND, NY	Identical Name / Different Address Entity
S1-636549603	S2-633159995	us	Family Physicians Inc	Family Physicians	1024 31st Avenue, Bellwood, IL	8114 TAYLOR COURT, PORTLAND, OR	Identical Name / Different Address Entity
S1-636549603	S2-155576048	us	Family Physicians Inc	Family-Physicians Inc	1024 31st Avenue, Bellwood, IL	7861- INDUSTRIAL PARKWAY, JEROME TWP, OH	Identical Name / Different Address Entity
S1-636549603	S2-751876367	us	Family Physicians Inc	Family  Physicians	1024 31st Avenue, Bellwood, IL	BEECH RIDGE RD, COLESVILLE, NY	Identical Name / Different Address Entity
S1-832593986	S2-153670947	us	Bureau of Health	Bureau of Health	370 Buckeye Circle, La Plata, MD	4407 MILITARY RD, NIAGARA, NY	Identical Name / Different Address Entity
S1-832593986	S2-550288139	us	Bureau of Health	Bureau of Health  Corporation	370 Buckeye Circle, La Plata, MD	129 SUNRIDGE WAY, REDLANDS, CA	Identical Name / Different Address Entity
S1-904228116	S2-758205074	us	Office of Aging	Office of Aging Corp	2637 Greenbrier Drive, Hinton, WV	3322 BROADWAY CIR, BROKEN ARROW, OK	Identical Name / Different Address Entity
S1-904228116	S2-139219752	us	Office of Aging	OFFICE OF AGING INC.	2637 Greenbrier Drive, Hinton, WV		Identical Name / Different Address Entity
S1-904228116	S2-906879634	us	Office of Aging	Office of Aging Ltd	2637 Greenbrier Drive, Hinton, WV	WASHINGTON STREET, THE DALLES, OR	Identical Name / Different Address Entity
S1-904228116	S2-892891506	us	Office of Aging	Office of  Aging Ltd	2637 Greenbrier Drive, Hinton, WV	32 SHREWSBURY GREEN DRIVE, SHREWSBURY, MA	Identical Name / Different Address Entity
S1-904228116	S2-262490601	us	Office of Aging	Office  of Aging	2637 Greenbrier Drive, Hinton, WV	17 LAUREL LANE, PLYMOUTH TOWNSHIP, PA	Identical Name / Different Address Entity
S1-164240371	S2-184430029	us	Family Association	FAMILY ASSOCIATION, LLC	OH, Fl 3, Columbus, 5059 Enclave Boulevard	509 GOODRUM ST, DAVIDSONC ITY, NC	Identical Name / Different Address Entity
S1-164240371	S2-117449159	us	Family Association	Family Association Llc	OH, Fl 3, Columbus, 5059 Enclave Boulevard	38 SEMINOLE PKWY, BUFFALO, NY	Identical Name / Different Address Entity
S1-101076392	S2-184318257	us	Straight Edge Pub	Straight Edge Pub	515 Monroe Avenue, Mcalester, OK	965 HAMPTON AVENUE, MESA, AZ	Identical Name / Different Address Entity
S1-101076392	S2-491345903	us	Straight Edge Pub	Straight Edge [Pub]	515 Monroe Avenue, Mcalester, OK	901 101RD STREET COURT, TACOMA, WA	Identical Name / Different Address Entity
S1-29696416	S2-90845801	india	Silver Exports Private Limited	Silver Exports Pvt Ltd	Noida, Gautam Buddha Nagar, Jasas C-58/8, Sector-62, Uttar Pradesh, A-101	DOOR NO 75 SWISTIK CHAMBERS, CHEMBUR, MUMBAI, Maharashtra	Identical Name / Different Address Entity
S1-566485202	S2-582740880	us	New Life Synagogue	New Life (Synagogue)	2035 Litchfield Dr, Hiawatha, IA	622 1/2 CENTRAL AVENUE, JAMESTOWN, TN	Identical Name / Different Address Entity
S1-566485202	S2-154220920	us	New Life Synagogue	New Life Synagogue LLC	2035 Litchfield Dr, Hiawatha, IA	4415 SPRING GAP ROAD, SLANESVILLE, WV	Identical Name / Different Address Entity
S1-566485202	S2-123577948	us	New Life Synagogue	New  Life Synagogue LLC	2035 Litchfield Dr, Hiawatha, IA	WHITE OAK ST ST, MARSHFFIELD, MO	Identical Name / Different Address Entity
S1-566485202	S2-982677949	us	New Life Synagogue	NEW LIFE  SYNAGOGUE	2035 Litchfield Dr, Hiawatha, IA	9495 54, AMHERST, WI	Identical Name / Different Address Entity
S1-410040347	S2-55463095	us	Temple Synagogue	Temple Synagogue	10202 W Maple Road, Omaha, NE		Identical Name / Different Address Entity
S1-410040347	S2-823553596	us	Temple Synagogue	Temple Synagogue Inc.	10202 W Maple Road, Omaha, NE	10 HOWIE SAINT, HELENA, MT	Identical Name / Different Address Entity
S1-410040347	S2-941949411	us	Temple Synagogue	Temple  Synagogue	10202 W Maple Road, Omaha, NE	26 GRAFTON ROAD, UPTON, MA	Identical Name / Different Address Entity
S1-410040347	S2-404015743	us	Temple Synagogue	Temple Synagogue Inc.	10202 W Maple Road, Omaha, NE	1501 WOOD AVENUE, null, LUBBOCK, TX	Identical Name / Different Address Entity
S1-410040347	S2-820607111	us	Temple Synagogue	TEMPLE SYNAGOGUE	10202 W Maple Road, Omaha, NE	801 PAULA LN, TX, KENNEDALE	Identical Name / Different Address Entity
S1-410040347	S2-704689530	us	Temple Synagogue	Temple Synagogue	10202 W Maple Road, Omaha, NE	2 Saint Pauls Place, TROY, NY	Identical Name / Different Address Entity
S1-410040347	S2-935539809	us	Temple Synagogue	Temple Synagogue	10202 W Maple Road, Omaha, NE	113-67 SPRINGFIELD BOULEVARD, QUEENS VILLAGE, NY	Identical Name / Different Address Entity
S1-410040347	S2-365645392	us	Temple Synagogue	temple synagogue	10202 W Maple Road, Omaha, NE	73 1/2 SHASAM CT, SALER CITY, TX	Identical Name / Different Address Entity
S1-410040347	S2-409910382	us	Temple Synagogue	Temple Synagogue	10202 W Maple Road, Omaha, NE	APPLE ST, FAYETTEVILLE, OH	Identical Name / Different Address Entity
S1-171653159	S2-814853152	india	First Hospitality LLP	FIRST  HOSPITALITY LLP	Wz-351, Delhi, Shakurpur Village, Delhi	F-4, KHAJOORI ROAD, BATLA HOUSE, JAMIA NAGAR, Delhi	Identical Name / Different Address Entity
S1-60629534	S2-420798477	us	Delta Center	Delta Center	26 Brookdale Street, Valley Falls, RI	5651 4100, KAUFMAN, TX	Identical Name / Different Address Entity
S1-60629534	S2-658011747	us	Delta Center	Delta Center	26 Brookdale Street, Valley Falls, RI	20831 TWILA SPRINGS DRIVE, HOUSTON, TX	Identical Name / Different Address Entity
S1-60629534	S2-62214818	us	Delta Center	Delta Center Inc.	26 Brookdale Street, Valley Falls, RI	##4140 CENTRAL PLANK RD, WETUMPKA, AL	Identical Name / Different Address Entity
S1-60629534	S2-687374012	us	Delta Center	Delta Center	26 Brookdale Street, Valley Falls, RI	6103 43RD TERRACE, TOPEKACDP, KS	Identical Name / Different Address Entity
S1-804171096	S2-283256435	us	Uptown Yoga!	Uptown Yoga  LLC	8001 Coastal Highway, Unit C, Ocean City, MD	IL, OFALLON, 502 FLAGSTONE PASS DR	Identical Name / Different Address Entity
S1-804171096	S2-71545151	us	Uptown Yoga!	Uptown Yoga	8001 Coastal Highway, Unit C, Ocean City, MD	54280 NEW CASTLE-BEALLSVILLE RD, BEALLSVILLE, OH	Identical Name / Different Address Entity
S1-804171096	S2-174105297	us	Uptown Yoga!	Uptown Yoga	8001 Coastal Highway, Unit C, Ocean City, MD	501D DUNWOODY CT, FRANKLIN, TN	Identical Name / Different Address Entity
S1-804171096	S2-700382775	us	Uptown Yoga!	UPTOWN  YOGA	8001 Coastal Highway, Unit C, Ocean City, MD	804A EASTANALLEE AVENUE, ATHENS, TN	Identical Name / Different Address Entity
S1-291991311	S2-605384211	us	Physical Therapy Coastal Group	PHYSICAL THERAPY COASTAL GROUP	710 7th Avenue, Mandan, ND		Identical Name / Different Address Entity
S1-364278564	S2-778898826	us	Mount Chapel	Mount Chapel	151 32 Parkway, Mt Orab, OH	AL, 13, HALEYVILLE	Identical Name / Different Address Entity
S1-364278564	S2-119710758	us	Mount Chapel	Mount Chapel Ltd	151 32 Parkway, Mt Orab, OH	#9 FOXFIRE TRACE, OAK ISLAND, NC	Identical Name / Different Address Entity
S1-364278564	S2-960018178	us	Mount Chapel	Mount Chapel  (Co)	151 32 Parkway, Mt Orab, OH	16032 CERRO ALTO DRIVE, FOUNTAIN HIILLS, AZ	Identical Name / Different Address Entity
S1-364278564	S2-694150477	us	Mount Chapel	Mount-Chapel	151 32 Parkway, Mt Orab, OH	CENTER AVENUE, null, CUYAHOGA FALLS, OH	Identical Name / Different Address Entity
S1-837908386	S2-656461507	us	A Cure 3 You Inc.	A Cure 3 You Inc	103 Hampton Lee Court, Unit 1A, Cary, NC	TX, 13633 CHERRYDOWN ST, SUGAR LAND	Identical Name / Different Address Entity
S1-837908386	S2-321635609	us	A Cure 3 You Inc.	A Cure 3 You Co	103 Hampton Lee Court, Unit 1A, Cary, NC	COLUMBIA, 1802 LAKIN LANE, TN	Identical Name / Different Address Entity
S1-837908386	S2-224174775	us	A Cure 3 You Inc.	A Cure 3-You	103 Hampton Lee Court, Unit 1A, Cary, NC	10597 FOLOM BLVD, RANCHO CORDOVA, CA	Identical Name / Different Address Entity
S1-837908386	S2-638786433	us	A Cure 3 You Inc.	A Cure 3 You	103 Hampton Lee Court, Unit 1A, Cary, NC	25322 LILY VALLEY DR, PO BOX 1199, PROTER, TX	Identical Name / Different Address Entity
S1-837908386	S2-400367566	us	A Cure 3 You Inc.	A Cure 3 You	103 Hampton Lee Court, Unit 1A, Cary, NC	STATEN ISLAND TOWNSHIP, NY, 254 FINGERBOARD ROAD	Identical Name / Different Address Entity
S1-967500830	S2-378861859	us	Cozy Tavern!	Cozy Tavern	505 White Street, Unit 505, Floydada, TX	NY, SOUTH RICHMOND HILL, 135-07 LIBERDY AVENUE	Identical Name / Different Address Entity
S1-967500830	S2-91569069	us	Cozy Tavern!	COZY  TAVERN	505 White Street, Unit 505, Floydada, TX	419 OAK ORCHARD ROAD, TOWN OF PENSAUKEE, WI	Identical Name / Different Address Entity
S1-967500830	S2-224179228	us	Cozy Tavern!	cozy tavern	505 White Street, Unit 505, Floydada, TX	MOHAVE VALLEY, AZ, 6580 JOJOBA DR	Identical Name / Different Address Entity
S1-967500830	S2-983249780	us	Cozy Tavern!	Cozy Tavern	505 White Street, Unit 505, Floydada, TX	27598 86TH LANE, PEORIA, AZ	Identical Name / Different Address Entity
S1-304297041	S2-480080780	india	Shivam Projects Private Limited	SHIVAM PROJECTS PRIVATE LIMITED	Howrah, Kolkata, Ground Floor Princeton Club 26 Prince Anwar Shah Road, West Bengal, Kolkata	668/10, 1ST FLOOR, SRI NAGAR RANI BAGH, NEW DELHI, Delhi	Identical Name / Different Address Entity
S1-16807998	S2-4796238	us	Innovative Payment Digital	Innovative  Payment Digital	1202 Scottsboro Road, Unit C, Marion, IL	9856 4100, PLEASANT GROVE, UT	Identical Name / Different Address Entity
S1-368846142	S2-977117507	us	Metro Ubs	Metro Ubs	203 Westminster Avenue, Syracuse, NY	18218-C NIBLICK DRIVE, KIRKLAND, AZ	Identical Name / Different Address Entity
S1-725482440	S2-694489189	india	Guru International Private Limited	GURU INTERNATIONAL PRIVATE LIMITED	Plot No - D-13/5, 13/6 13/7 Ttc Indl Area Turbhe, Navi Mumbai, Thane, Maharashtra	DOOR NO 33  NEW NO.6, 4TH STREET, TATABAD, COIMBATORE, Tamil Nadu	Identical Name / Different Address Entity
S1-192345497	S2-687282843	us	Wildlife Center	Wildlife Center	7 Demar Road, Lexington, MA	OLD HARBOR LN, BRANSON, MO	Identical Name / Different Address Entity
S1-192345497	S2-175261528	us	Wildlife Center	Wildlife Center Corp	7 Demar Road, Lexington, MA	3118 47TH PLACE, PHOENIX, AZ	Identical Name / Different Address Entity
S1-622515318	S2-908682366	india	City Food Private Limited	City Food Private  Limited	Telangana, K.V.Rangareddy, Serilingampally, Fno B 305 3Rd Floor, Ramky One Kosmos	SHOP B/108- TO 113, F. F., NEELKANTH PARK II, B/S NEELKANTH PARK I, OPP GHODA CAMP SHAHIBA, UG, AHMEDABAD, Gujarat	Identical Name / Different Address Entity
S1-231416129	S2-35548262	us	Midwest Association	Midwest Association Inc	Unit STE 101, TX, 1404 Clarewood Drive, San Marcos	4064 ROSLYN RD, PMB 3830, DWONERS GROVE, IL	Identical Name / Different Address Entity
S1-51101506	S2-436785911	india	Krishna Media Pvt Ltd	Krishna Media Pvt Ltd.	House No. 8.64, Kva House Naduvattom - Karinkallthani Road Ayilakkad Po, Malappuram, Malappuram, Malapuram, Kerala	PLOT NO- LIG 1100 DUMDUMA HB COLONY, KHANDAGIRI, BHUBANESWAR, Odisha	Identical Name / Different Address Entity
S1-831133424	S2-859049575	us	Metropolitan Trust	METROPOLITAN  TRUST	175 Amherst Mobile Homes, Amherst, OH	BROOKFIELD, 13555 SQUIRREL DR, WI	Identical Name / Different Address Entity
S1-700600281	S2-389387937	us	Smith and Martin LLC	Smith And Martin, LLC	4 Peter Scott Drive, Cornwall, NY		Identical Name / Different Address Entity
S1-906686327	S2-877023855	us	Happy Cleaning Service, LLC	HAPPY  CLEANING SERVICE!	15 Pirates Cove, Hampton City, VA	13723-D WINTERWOOD WAY, ALBUQUERQUE, NM	Identical Name / Different Address Entity
S1-906686327	S2-294504089	us	Happy Cleaning Service, LLC	HAPPY CLEANING SERVICE	15 Pirates Cove, Hampton City, VA	St Johns Bluff Ln, OH, WILLOUGHBY	Identical Name / Different Address Entity
S1-906686327	S2-667257518	us	Happy Cleaning Service, LLC	happy cleaning service! inc.	15 Pirates Cove, Hampton City, VA	500 CASTLEFORD STRET, ROCKVILLE, MD	Identical Name / Different Address Entity
S1-801306682	S2-798671710	india	Perfect Foundation	Perfect Foundation	Chennai, No.388/8, 200 Feet Road, S.Kolathur, Tamil Nadu, Chennai	#1, BUILDING 1, SHIVSAGAR APARTMENT THAKUR COMPLEX, NEAR SANSKRITI, KANDIVAL, I EAST, MUMBAI, Maharashtra	Identical Name / Different Address Entity
S1-623261026	S2-73504947	us	Orthopedic Care	orthopedic care	827 Elmhurst Road, Des Plaines, IL	413 ARBUCKLE WAY, ALLEN TOWSHIP, TX	Identical Name / Different Address Entity
S1-623261026	S2-108985226	us	Orthopedic Care	-- Orthopedic Care	827 Elmhurst Road, Des Plaines, IL	#220 GOAD LN, GAINESBORO, TN	Identical Name / Different Address Entity
S1-623261026	S2-303243415	us	Orthopedic Care	Orthopedic Care	827 Elmhurst Road, Des Plaines, IL	DUNLAP ROAD, JACKSONVILLE, OR	Identical Name / Different Address Entity
S1-623261026	S2-282606455	us	Orthopedic Care	ORTHOPEDIC-CARE	827 Elmhurst Road, Des Plaines, IL	#6343 JUSTINE ST, CHICAGO, IL	Identical Name / Different Address Entity
S1-623261026	S2-332629594	us	Orthopedic Care	Orthopedic Care Co	827 Elmhurst Road, Des Plaines, IL	1514 CAPEWAY RD, POWHATAN, VA	Identical Name / Different Address Entity
S1-623261026	S2-470500599	us	Orthopedic Care	ORTHOPEDIC CARE LTD	827 Elmhurst Road, Des Plaines, IL	1450- VETERANS WAY, COLTON, CA	Identical Name / Different Address Entity
S1-623261026	S2-546565376	us	Orthopedic Care	Orthopedic Care	827 Elmhurst Road, Des Plaines, IL	11204. COASTAL HIGHWAY, OCEAN CITY, MD	Identical Name / Different Address Entity
S1-623261026	S2-558313297	us	Orthopedic Care	Orthopedic Care	827 Elmhurst Road, Des Plaines, IL	2617 Bar H Rd, LEHI, UT	Identical Name / Different Address Entity
S1-623261026	S2-479633490	us	Orthopedic Care	ORTHOPEDIC CARE	827 Elmhurst Road, Des Plaines, IL	3046 EASTCOTT AVE, MONROE, NC	Identical Name / Different Address Entity
S1-393157555	S2-840171851	us	Golden Ice Cream!	Golden Ice [Cream]	307 Belleville Street, Freeburg, IL	4804 GOOSE CREEK DR, CHARLOTTE, NC	Identical Name / Different Address Entity
S1-358447941	S2-622865898	us	6-Star	6-Star	1304 105th Place, Unit 1004, Mesa, AZ	3770 GRANT AVE, PMB 2644, OGDEN, UT	Identical Name / Different Address Entity
S1-358447941	S2-449074109	us	6-Star	6-Star	1304 105th Place, Unit 1004, Mesa, AZ	10420 MONTEREY AVE, MESA, AZ	Identical Name / Different Address Entity
S1-17339733	S2-190283581	us	Pediatric Dentistry Care Associates Inc	Pediatric Dentistry Care Associates Ltd	Norwich, CT, 59 Grant Court	1511 MAN STREET, WORCESTER, MA	Identical Name / Different Address Entity
S1-17339733	S2-371975350	us	Pediatric Dentistry Care Associates Inc	PEDIATRIC DENTISTRY CARE ASSOCIATES INC	Norwich, CT, 59 Grant Court	#112 WEST ST, CORTLAND, IL	Identical Name / Different Address Entity
S1-17339733	S2-79949916	us	Pediatric Dentistry Care Associates Inc	Pediatric-Dentistry Care Associates Co	Norwich, CT, 59 Grant Court		Identical Name / Different Address Entity
S1-17339733	S2-263903131	us	Pediatric Dentistry Care Associates Inc	pediatric dentistry care associates llc	Norwich, CT, 59 Grant Court	1235 WEST LAWN AVE, CITY OF RACINE, WI	Identical Name / Different Address Entity
S1-17339733	S2-251558083	us	Pediatric Dentistry Care Associates Inc	Pediatric Dentistry Care Associates Inc	Norwich, CT, 59 Grant Court	28 ORCHARD RD, NY, BREWSTER	Identical Name / Different Address Entity
S1-17339733	S2-858151293	us	Pediatric Dentistry Care Associates Inc	Pediatric Dentistry Care  Associates Corporation	Norwich, CT, 59 Grant Court	352 EMERSON ROAD, LEXINGTON, MA	Identical Name / Different Address Entity
S1-17339733	S2-516786351	us	Pediatric Dentistry Care Associates Inc	Pediatric Dentistry Care Associates Ltd	Norwich, CT, 59 Grant Court	3420 MAX ROAD, ROSENBERG, TX	Identical Name / Different Address Entity
S1-722883348	S2-934233029	us	Red Nails LLC	Red Nails	1319 Ety Pointe Drive, Lancaster, OH	3653 RICHMOND FOREST DR, FLORISSANT, MO	Identical Name / Different Address Entity
S1-722883348	S2-113784699	us	Red Nails LLC	RED-NAILS LLC	1319 Ety Pointe Drive, Lancaster, OH	1025 SUNNYSIDE DRIVE, VIRGINIA BEACH TOWNSHIP, VA	Identical Name / Different Address Entity
S1-722883348	S2-827690232	us	Red Nails LLC	Red Nails	1319 Ety Pointe Drive, Lancaster, OH	2057 CRAVER MEADOWS DRIVE, WINSTON-SALEM, NC	Identical Name / Different Address Entity
S1-722883348	S2-697404689	us	Red Nails LLC	Red Nails Corporation	1319 Ety Pointe Drive, Lancaster, OH	391 VALLEY VIEW RD, BAINBRIDGE, NY	Identical Name / Different Address Entity
S1-202909837	S2-848909665	us	Sevue Family Office Inc	Sevue Family Office  Inc	Baltimore, MD, 2102 Patapsco Avenue	0026 FOSTER ST, NEWTON, MA	Identical Name / Different Address Entity
S1-437422427	S2-662676898	us	Scholarship Fellowship	Scholarship Fellowship	8 Jan Sebastian Way, Unit 6, Sandwich, MA	110 WESTWOOD STREET, ASHLAND, OR	Identical Name / Different Address Entity
S1-437422427	S2-853896957	us	Scholarship Fellowship	Scholarship  Fellowship	8 Jan Sebastian Way, Unit 6, Sandwich, MA	1402 GIBBON ST, LARAMIE, WY	Identical Name / Different Address Entity
S1-437422427	S2-622288658	us	Scholarship Fellowship	Scholarship Fellowship	8 Jan Sebastian Way, Unit 6, Sandwich, MA	OAK SAINT, N/A, INCORPORATED, IA	Identical Name / Different Address Entity
S1-437422427	S2-321778944	us	Scholarship Fellowship	SCHOLARSHIP FELLOWSHIP CORPORATION	8 Jan Sebastian Way, Unit 6, Sandwich, MA	#1087 ST CHARLES ST, VIDOR, TX	Identical Name / Different Address Entity
S1-437422427	S2-21486517	us	Scholarship Fellowship	Scholarship Fellowship	8 Jan Sebastian Way, Unit 6, Sandwich, MA	30 PRIMAVERA DR, ARLINGTON, TX	Identical Name / Different Address Entity
S1-960756168	S2-752180131	us	Board of Public Works	Board of Public Works	13265 601, Midland, NC		Identical Name / Different Address Entity
S1-960756168	S2-338373593	us	Board of Public Works	Board of Public Works Corp	13265 601, Midland, NC	1712 KIMBALL RD, CANTON, OH	Identical Name / Different Address Entity
S1-960756168	S2-642005537	us	Board of Public Works	Board-of Public Works	13265 601, Midland, NC	100 RENEE DR, STRUTHERS, OH	Identical Name / Different Address Entity
S1-960756168	S2-707033599	us	Board of Public Works	Board of  Public Works Corp	13265 601, Midland, NC	305 5876, PRINCETON, TX	Identical Name / Different Address Entity
S1-960756168	S2-574242248	us	Board of Public Works	Board  of Public Works	13265 601, Midland, NC	80855. KIK RD, HERMISTON, OR	Identical Name / Different Address Entity
S1-960756168	S2-986246094	us	Board of Public Works	BOARD OF PUBLIC WORKS CO	13265 601, Midland, NC	548 C NM HIGHWAY 88, PORTALES, NM	Identical Name / Different Address Entity
S1-42596820	S2-689417664	india	Lakshmi Construction Private Limited	>> Lakshmi Construction  Limited	B-11/C-2, Malviya Nagar, Ind. Area, Jaipur, Rajasthan	VILLA 26, LAPOLAMA VILLA, HYDERABAD, RANGAREDDY, K.V.RANGAREDDY, తెలంగాణ	Identical Name / Different Address Entity
S1-42596820	S2-929138550	india	Lakshmi Construction Private Limited	Lakshmi Construction-Private Limited	B-11/C-2, Malviya Nagar, Ind. Area, Jaipur, Rajasthan	#825 TUKAI DARSHBN, S 207/1 2A, PHURSUNGI, HADAPSAR, PUNE, Maharashtra	Identical Name / Different Address Entity
S1-793019850	S2-190561361	us	Rocky Trust, LLC	Rocky Trust	846 217, Claverack, NY	4852 CLIBURN DRIVE, KELLER, TX	Identical Name / Different Address Entity
S1-793019850	S2-298598251	us	Rocky Trust, LLC	ROCKY TRUST	846 217, Claverack, NY	1316 OLD PIN OAK ROAD, PAIGE, TX	Identical Name / Different Address Entity
S1-793019850	S2-520032927	us	Rocky Trust, LLC	ROCKY TRUST	846 217, Claverack, NY		Identical Name / Different Address Entity
S1-793019850	S2-754767307	us	Rocky Trust, LLC	Rocky Trust	846 217, Claverack, NY	1420 43ND AVENUE, SACRAMENTO, CA	Identical Name / Different Address Entity
S1-793019850	S2-718999314	us	Rocky Trust, LLC	ROCKY TRUST LLC	846 217, Claverack, NY	5212. CORTLAND BLVD, FLAGSTAFF, AZ	Identical Name / Different Address Entity
S1-753180274	S2-703500620	us	Helios LLC	helios ltd	306 Wrights Lane, Bldg BRIAN GRIFFITH DENTISTRY, Prestonsburg, KY	0126 HOUSTON ST, FORT WORTH, TX	Identical Name / Different Address Entity
S1-753180274	S2-300835415	us	Helios LLC	Helios [Inc]	306 Wrights Lane, Bldg BRIAN GRIFFITH DENTISTRY, Prestonsburg, KY	CHARLWOOD, NORTHBROOK, IL	Identical Name / Different Address Entity
S1-753180274	S2-622467860	us	Helios LLC	HELIOS	306 Wrights Lane, Bldg BRIAN GRIFFITH DENTISTRY, Prestonsburg, KY	##10118 JOY DR, FRISCO, TX	Identical Name / Different Address Entity
S1-753180274	S2-237038454	us	Helios LLC	HELIOS LLC	306 Wrights Lane, Bldg BRIAN GRIFFITH DENTISTRY, Prestonsburg, KY	1033 Condor Junction Rd, WENDELL, NC	Identical Name / Different Address Entity
S1-753180274	S2-737629109	us	Helios LLC	HELIOS  LLC	306 Wrights Lane, Bldg BRIAN GRIFFITH DENTISTRY, Prestonsburg, KY	##4007 SYCAMORE DRIVE, COLMUBUS, IN	Identical Name / Different Address Entity
S1-753180274	S2-340726883	us	Helios LLC	Helios	306 Wrights Lane, Bldg BRIAN GRIFFITH DENTISTRY, Prestonsburg, KY	CARPENTER STREET, GREENSBORO, NC	Identical Name / Different Address Entity
S1-753180274	S2-541199318	us	Helios LLC	Helios LLC	306 Wrights Lane, Bldg BRIAN GRIFFITH DENTISTRY, Prestonsburg, KY	494 HUB BOULEVARD, BOWLING GREEN, KY	Identical Name / Different Address Entity
S1-753180274	S2-336336951	us	Helios LLC	Helios Co	306 Wrights Lane, Bldg BRIAN GRIFFITH DENTISTRY, Prestonsburg, KY	VA, TAZEWELL COUNTY, 2212 1/2 WITTENS MILL ROAD	Identical Name / Different Address Entity
S1-753180274	S2-908474052	us	Helios LLC	Helios Inc	306 Wrights Lane, Bldg BRIAN GRIFFITH DENTISTRY, Prestonsburg, KY	6056-6058 BEECHER LOOP, PRESCOTT VALLEY, AZ	Identical Name / Different Address Entity
S1-753180274	S2-310128489	us	Helios LLC	HELIOS  LLC	306 Wrights Lane, Bldg BRIAN GRIFFITH DENTISTRY, Prestonsburg, KY	053 2975, ROY, UT	Identical Name / Different Address Entity
S1-753180274	S2-617606666	us	Helios LLC	#helios	306 Wrights Lane, Bldg BRIAN GRIFFITH DENTISTRY, Prestonsburg, KY	12186 SCHOLLS FERRY ROAD, TIGARD, OR	Identical Name / Different Address Entity
S1-753180274	S2-577724547	us	Helios LLC	Helios	306 Wrights Lane, Bldg BRIAN GRIFFITH DENTISTRY, Prestonsburg, KY	5715-5719 ROCKPORT LANDING PLACE, MIDLOTHIAN, VA	Identical Name / Different Address Entity
S1-753180274	S2-909744971	us	Helios LLC	HELIOS LLC	306 Wrights Lane, Bldg BRIAN GRIFFITH DENTISTRY, Prestonsburg, KY	12 LINCOLN AVENUE, ALBANY, NY	Identical Name / Different Address Entity
S1-753180274	S2-903221804	us	Helios LLC	Helios Co	306 Wrights Lane, Bldg BRIAN GRIFFITH DENTISTRY, Prestonsburg, KY	244-246 GOLDEN RD, PO BOX 4480, ROCHESTER, NY	Identical Name / Different Address Entity
S1-753180274	S2-209746679	us	Helios LLC	HELIOS	306 Wrights Lane, Bldg BRIAN GRIFFITH DENTISTRY, Prestonsburg, KY	WINSTON-SALEM, 517 OAK SUMMIT ROAD, NC	Identical Name / Different Address Entity
S1-753180274	S2-544979911	us	Helios LLC	Helios	306 Wrights Lane, Bldg BRIAN GRIFFITH DENTISTRY, Prestonsburg, KY	1570, GREENVILLE, TX	Identical Name / Different Address Entity
S1-753180274	S2-74226485	us	Helios LLC	Helios Inc	306 Wrights Lane, Bldg BRIAN GRIFFITH DENTISTRY, Prestonsburg, KY	#695 PARK LN, PO BOX 3170, MONROE, WA	Identical Name / Different Address Entity
S1-753180274	S2-432480129	us	Helios LLC	HELIOS-LLC	306 Wrights Lane, Bldg BRIAN GRIFFITH DENTISTRY, Prestonsburg, KY	2317 WINTERS DR, GRANITE CITY, IL	Identical Name / Different Address Entity
S1-144718195	S2-84059956	us	Golden Pizza	Golden Pizza	1101 22nd Avenue, Battle Ground, WA	5813 SCHAFER ROAD, FULTON, IL	Identical Name / Different Address Entity
S1-144718195	S2-82399596	us	Golden Pizza	Golden Pizza	1101 22nd Avenue, Battle Ground, WA	9050-9052 39rd Place, INDIANAPOLIS, IN	Identical Name / Different Address Entity
S1-144718195	S2-373678906	us	Golden Pizza	Golden Pizza, Corp	1101 22nd Avenue, Battle Ground, WA	4582 URBAN PLAINS DRIVE, FARGO, ND	Identical Name / Different Address Entity
S1-144718195	S2-250401658	us	Golden Pizza	Golden Pizza Corp	1101 22nd Avenue, Battle Ground, WA	10167  HALL AVENUE, MONTICELLO, MN	Identical Name / Different Address Entity
S1-144718195	S2-415105143	us	Golden Pizza	golden pizza! inc	1101 22nd Avenue, Battle Ground, WA	3727 MURPHY DRIVE, IL, MCHENRY	Identical Name / Different Address Entity
S1-95925372	S2-71585132	us	Temple Presbyterian Church	Temple Presbyterian Church	11802 Hickory Drive, Fort Washington, MD	250 MACLEAY BOULEVARD, PORTLAND, OR	Identical Name / Different Address Entity
S1-95925372	S2-98671723	us	Temple Presbyterian Church	Temple Presbyterian  [Church]	11802 Hickory Drive, Fort Washington, MD	LIEUTENANT LITCHFIELD WAY, BURLINGTON, MA	Identical Name / Different Address Entity
S1-487154804	S2-839967859	us	Behavioral Health Medicine LLC	Behavioral Health  Medicine [Inc]	2770 163, Colorado City, TX	1366 COOPER ST, MMEPHIS TOWNSHIP, TN	Identical Name / Different Address Entity
S1-487154804	S2-23901043	us	Behavioral Health Medicine LLC	Behavioral Health Medicine, LLC	2770 163, Colorado City, TX	76 RICHMOND RD, WARWICK, MA	Identical Name / Different Address Entity
S1-487154804	S2-249577218	us	Behavioral Health Medicine LLC	Behavioral Health Medicine	2770 163, Colorado City, TX	05854 48ND ST, OMAHA, NE	Identical Name / Different Address Entity
S1-487154804	S2-918995155	us	Behavioral Health Medicine LLC	Behavioral Health Medicine Inc	2770 163, Colorado City, TX	14325 MICHAUX WOOD WAY, MIDLOTHIAN, VA	Identical Name / Different Address Entity
S1-487154804	S2-785575590	us	Behavioral Health Medicine LLC	Behavioral Health Medicine Co	2770 163, Colorado City, TX	3169 HILLSIDE AVE, WICHITA, KS	Identical Name / Different Address Entity
S1-487154804	S2-13875833	us	Behavioral Health Medicine LLC	Behavioral Health Medicine Corp	2770 163, Colorado City, TX	7021 116ND PLACE, SEATLE, WA	Identical Name / Different Address Entity
S1-487154804	S2-316757635	us	Behavioral Health Medicine LLC	Behavioral Health Medicine Ltd	2770 163, Colorado City, TX	3897 Lahinch Ln, ERLANGER, KY	Identical Name / Different Address Entity
S1-487154804	S2-594998009	us	Behavioral Health Medicine LLC	Behavioral Health Medicine Inc	2770 163, Colorado City, TX	STROUD ROAD, SHELTON, WA	Identical Name / Different Address Entity
S1-487154804	S2-242698439	us	Behavioral Health Medicine LLC	Behavioral Health Medicine Llc	2770 163, Colorado City, TX	LEANDER, 2415 BRANDING IRON LANE, TX	Identical Name / Different Address Entity
S1-487154804	S2-576839123	us	Behavioral Health Medicine LLC	Behavioral  Health Medicine	2770 163, Colorado City, TX	MN, SAINT PAUL, PRISCILLA STREET	Identical Name / Different Address Entity
S1-487154804	S2-941446344	us	Behavioral Health Medicine LLC	Behavioral Health Medicine Corp	2770 163, Colorado City, TX	1609 5TH AVENUE, ESTHERVILLE, IA	Identical Name / Different Address Entity
S1-487154804	S2-939873151	us	Behavioral Health Medicine LLC	Behavioral  Health Medicine Inc	2770 163, Colorado City, TX	17867-A CLEARY TRAIL, N/A, PRIOR LAKE, MN	Identical Name / Different Address Entity
S1-119171444	S2-768951557	us	Fresh Equity Laboratories	Fresh Equity Laboratories	17834 Parker Road, Homer Glen, IL	2318 BUCKINGHAM DRIVE, NORTH VERNON, IN	Identical Name / Different Address Entity
S1-274090278	S2-615656154	india	Baba Marketing Private Limited	BABA MARKETING PRIVATE LIMITED	Hyderabad, H No 4-6-158/44 Plat No 44 Durga Nagar Nacharam, Hyderabad, Telangana	C-#55, NEW SEELAMPUR, DELHI, Delhi	Identical Name / Different Address Entity
S1-274090278	S2-568023009	india	Baba Marketing Private Limited	Baba Marketing	Hyderabad, H No 4-6-158/44 Plat No 44 Durga Nagar Nacharam, Hyderabad, Telangana	HN 51 606, ALPHA PLUS, OPP. GUJARAT GAS, 150 FEET RING ROAD, RAJKOT, RAJKOT, Gujarat	Identical Name / Different Address Entity
S1-639012333	S2-204234797	us	Oncology Care	oncology care inc	1809 Spencer Street, Greensboro, NC		Identical Name / Different Address Entity
S1-639012333	S2-189723704	us	Oncology Care	Oncology Care LLC	1809 Spencer Street, Greensboro, NC	16113 ABIGAIL ST, BENNINGTON, NE	Identical Name / Different Address Entity
S1-639012333	S2-4594139	us	Oncology Care	Oncology Care	1809 Spencer Street, Greensboro, NC	W590 HILLCREST DRIVE, TOWN OF SHELBY, WI	Identical Name / Different Address Entity
S1-639012333	S2-167186070	us	Oncology Care	Oncology Care	1809 Spencer Street, Greensboro, NC	00135 RED FOX DR, PISGAH FOERST, NC	Identical Name / Different Address Entity
S1-639012333	S2-474190414	us	Oncology Care	Oncology-Care	1809 Spencer Street, Greensboro, NC	8715-8717 96, BENSON, NC	Identical Name / Different Address Entity
S1-639012333	S2-185815139	us	Oncology Care	Oncology Care Inc	1809 Spencer Street, Greensboro, NC	826  OAK ST, BURLINGTON, IA	Identical Name / Different Address Entity
S1-639012333	S2-904072867	us	Oncology Care	Oncology Care-LLC	1809 Spencer Street, Greensboro, NC	AR, ALMA, 2108 INGALLS LN	Identical Name / Different Address Entity
S1-639012333	S2-975130665	us	Oncology Care	Oncology Care	1809 Spencer Street, Greensboro, NC	341 JEFFERSON AVE, NEWPORT, TN	Identical Name / Different Address Entity
S1-639012333	S2-461606790	us	Oncology Care	Oncology [Care]	1809 Spencer Street, Greensboro, NC	27766 62, TRAIL, OR	Identical Name / Different Address Entity
S1-639012333	S2-880389559	us	Oncology Care	Oncology Care	1809 Spencer Street, Greensboro, NC	320 BLAIR ROAD, DRY RIDGE, KY	Identical Name / Different Address Entity
S1-639012333	S2-694796914	us	Oncology Care	ONCOLOGY CARE	1809 Spencer Street, Greensboro, NC	LANCASHIRE PL, NISKAYUNA, NY	Identical Name / Different Address Entity
S1-639012333	S2-429914384	us	Oncology Care	Oncology  Care Co	1809 Spencer Street, Greensboro, NC	96-100 FRANCIS ST, SPRINGFIELD CITY, MA	Identical Name / Different Address Entity
S1-639012333	S2-178224871	us	Oncology Care	Oncology Care	1809 Spencer Street, Greensboro, NC	INDIAN GAP RD, ANDERSONVILLE, TN	Identical Name / Different Address Entity
S1-220020462	S2-763253798	us	Red Pizza	Red Pizza!	15 Wells Avenue, East Hartford, CT	CHINCHALLA WAY, KLAMATH FALLS, OR	Identical Name / Different Address Entity
S1-220020462	S2-329575228	us	Red Pizza	Red Pizza	15 Wells Avenue, East Hartford, CT	4080 BELL CREEK RD, PO BOX 4895, YORKTOWN, IN	Identical Name / Different Address Entity
S1-220020462	S2-647174896	us	Red Pizza	RED PIZZA	15 Wells Avenue, East Hartford, CT	001310 RAY LANE, GLEN BURNIE, MD	Identical Name / Different Address Entity
S1-220020462	S2-172397416	us	Red Pizza	Red Pizza	15 Wells Avenue, East Hartford, CT	76 OAKLEY AVENUE, NY, HEMPSTEAD	Identical Name / Different Address Entity
S1-220020462	S2-651809010	us	Red Pizza	RED PIZZA LLC	15 Wells Avenue, East Hartford, CT	1592 HARDSHELL CANEY ROAD, PMB 7077, CLAYHOLE, KY	Identical Name / Different Address Entity
S1-220020462	S2-192312561	us	Red Pizza	Red [Pizza!]	15 Wells Avenue, East Hartford, CT	7064 TR 109, MILLERSBURG, OH	Identical Name / Different Address Entity
S1-445455950	S2-260444159	us	Blue Bike Shop	Blue Bike Shop Inc	807 Jackson Boulevard, Unit 1-3, Jonesborough, TN	09 NORTH ST, MT STERLING, IL	Identical Name / Different Address Entity
S1-445455950	S2-246911470	us	Blue Bike Shop	Blue-Bike Shop	807 Jackson Boulevard, Unit 1-3, Jonesborough, TN	1210 MATTIE LANE, LA VERGNE CITY, TN	Identical Name / Different Address Entity
S1-823731657	S2-613451941	us	CLI Taxable LLC	CLI TAXABLE-LLC	13274 Highway 51, Unit 5, Atoka, TN	11113 Heatherwood Drive, null, HOUSTON, TX	Identical Name / Different Address Entity
S1-549086594	S2-117148381	india	Sun Marketing Private Limited	Sun Marketing Private Limited	D- 8, Gf, Pandav Nagar, East Delhi, Delhi	NO. 675 CABIN NO.0.16, GROUND FLOOR, DLF BUILDING, NO. 7A, DLF CYBER CITY, DLF QE, SADAR BAZAR, हरियाणा	Identical Name / Different Address Entity
S1-232082545	S2-195942449	us	Pinnacle LLC	Pinnacle Llc	1656 Crooked Fork Road, Weston, WV	12733 279TH CT, KENT, WA	Identical Name / Different Address Entity
S1-232082545	S2-825966524	us	Pinnacle LLC	Pinnacle Inc	1656 Crooked Fork Road, Weston, WV	3521 CHERRY TREE LANE, ERLANGER KY, KY	Identical Name / Different Address Entity
S1-232082545	S2-828330184	us	Pinnacle LLC	Pinnacle	1656 Crooked Fork Road, Weston, WV	330 6TH STREET, KEWANEE, IL	Identical Name / Different Address Entity
S1-232082545	S2-946547870	us	Pinnacle LLC	Pinnacle	1656 Crooked Fork Road, Weston, WV	30 HARRISON AVE, HELENA, MT	Identical Name / Different Address Entity
S1-232082545	S2-515987372	us	Pinnacle LLC	Pinnacle (Inc)	1656 Crooked Fork Road, Weston, WV	2233- Earl Lane, SOUTH SAINT PAUL, MN	Identical Name / Different Address Entity
S1-232082545	S2-308750347	us	Pinnacle LLC	Pinnacle Ltd	1656 Crooked Fork Road, Weston, WV	2221 58TH ST, SEATTLE, WA	Identical Name / Different Address Entity
S1-232082545	S2-950815846	us	Pinnacle LLC	Pinnacle	1656 Crooked Fork Road, Weston, WV	0230053 21TH AVENUE, NOKOMIS, IL	Identical Name / Different Address Entity
S1-232082545	S2-181920615	us	Pinnacle LLC	Pinnacle Inc	1656 Crooked Fork Road, Weston, WV	VA, GREENGAGE PL, LOUDOUN COUNTY	Identical Name / Different Address Entity
S1-232082545	S2-295189929	us	Pinnacle LLC	Pinnacle  LLC	1656 Crooked Fork Road, Weston, WV	124 B-A MERRIMAC ST, NEWBURYPORT, MA	Identical Name / Different Address Entity
S1-232082545	S2-337369304	us	Pinnacle LLC	PINNACLE INC	1656 Crooked Fork Road, Weston, WV	4505 63RD ST, LUBBOCK, TX	Identical Name / Different Address Entity
S1-341291980	S2-204234797	us	Oncology Care LLC	oncology care inc	8905 Penrith Drive, Spotsylvania County, VA		Identical Name / Different Address Entity
S1-341291980	S2-189723704	us	Oncology Care LLC	Oncology Care LLC	8905 Penrith Drive, Spotsylvania County, VA	16113 ABIGAIL ST, BENNINGTON, NE	Identical Name / Different Address Entity
S1-341291980	S2-4594139	us	Oncology Care LLC	Oncology Care	8905 Penrith Drive, Spotsylvania County, VA	W590 HILLCREST DRIVE, TOWN OF SHELBY, WI	Identical Name / Different Address Entity
S1-341291980	S2-167186070	us	Oncology Care LLC	Oncology Care	8905 Penrith Drive, Spotsylvania County, VA	00135 RED FOX DR, PISGAH FOERST, NC	Identical Name / Different Address Entity
S1-341291980	S2-474190414	us	Oncology Care LLC	Oncology-Care	8905 Penrith Drive, Spotsylvania County, VA	8715-8717 96, BENSON, NC	Identical Name / Different Address Entity
S1-341291980	S2-185815139	us	Oncology Care LLC	Oncology Care Inc	8905 Penrith Drive, Spotsylvania County, VA	826  OAK ST, BURLINGTON, IA	Identical Name / Different Address Entity
S1-341291980	S2-904072867	us	Oncology Care LLC	Oncology Care-LLC	8905 Penrith Drive, Spotsylvania County, VA	AR, ALMA, 2108 INGALLS LN	Identical Name / Different Address Entity
S1-341291980	S2-975130665	us	Oncology Care LLC	Oncology Care	8905 Penrith Drive, Spotsylvania County, VA	341 JEFFERSON AVE, NEWPORT, TN	Identical Name / Different Address Entity
S1-341291980	S2-461606790	us	Oncology Care LLC	Oncology [Care]	8905 Penrith Drive, Spotsylvania County, VA	27766 62, TRAIL, OR	Identical Name / Different Address Entity
S1-341291980	S2-880389559	us	Oncology Care LLC	Oncology Care	8905 Penrith Drive, Spotsylvania County, VA	320 BLAIR ROAD, DRY RIDGE, KY	Identical Name / Different Address Entity
S1-341291980	S2-429914384	us	Oncology Care LLC	Oncology  Care Co	8905 Penrith Drive, Spotsylvania County, VA	96-100 FRANCIS ST, SPRINGFIELD CITY, MA	Identical Name / Different Address Entity
S1-341291980	S2-694796914	us	Oncology Care LLC	ONCOLOGY CARE	8905 Penrith Drive, Spotsylvania County, VA	LANCASHIRE PL, NISKAYUNA, NY	Identical Name / Different Address Entity
S1-341291980	S2-178224871	us	Oncology Care LLC	Oncology Care	8905 Penrith Drive, Spotsylvania County, VA	INDIAN GAP RD, ANDERSONVILLE, TN	Identical Name / Different Address Entity
S1-328164935	S2-362839312	us	Fiix LLC	Fiix-LLC	4922 Port Royal Road, Unit A, Spring Hill, TN	6116 JADE AVENUE, SPOKANE, WA	Identical Name / Different Address Entity
S1-561269090	S2-27257748	us	Sirius	SIRIUS LLC	9102 Trickle Trace Trail, Round Rock, TX	105. HILLANDALE LN, MOUNT HOLLY, NC	Identical Name / Different Address Entity
S1-561269090	S2-493270366	us	Sirius	Sirius-Inc.	9102 Trickle Trace Trail, Round Rock, TX	1755. COBURG ROAD, EUGENE, OR	Identical Name / Different Address Entity
S1-561269090	S2-595724165	us	Sirius	Sirius	9102 Trickle Trace Trail, Round Rock, TX	21306 Four Mile Road, CHEROKEE COUNTY, OK	Identical Name / Different Address Entity
S1-561269090	S2-808859926	us	Sirius	Sirius LLC	9102 Trickle Trace Trail, Round Rock, TX	214 RAINES RD, MEMPHIS, TN	Identical Name / Different Address Entity
S1-561269090	S2-176945950	us	Sirius	Sirius	9102 Trickle Trace Trail, Round Rock, TX	0820 9, GLENS FALLS NORTH, NY	Identical Name / Different Address Entity
S1-561269090	S2-668674762	us	Sirius	Sirius Co	9102 Trickle Trace Trail, Round Rock, TX	284 DOGWOOD DRIVE, MOBILE, AL	Identical Name / Different Address Entity
S1-561269090	S2-254441397	us	Sirius	SIRIUS LLC	9102 Trickle Trace Trail, Round Rock, TX	250 HILLSMAN LN, SENECA, IL	Identical Name / Different Address Entity
S1-561269090	S2-470608147	us	Sirius	Sirius Corp	9102 Trickle Trace Trail, Round Rock, TX	FISHERS, IN, <NULL>, 11865 GATWICK VIEW DR	Identical Name / Different Address Entity
S1-561269090	S2-454079495	us	Sirius	sirius inc	9102 Trickle Trace Trail, Round Rock, TX	24 MCCHURCH COURT, RANDAALLSTOWN, MD	Identical Name / Different Address Entity
S1-561269090	S2-482779366	us	Sirius	Sirius (LLC)	9102 Trickle Trace Trail, Round Rock, TX	971 DELTONA DR, NEW MIDLETOWN, OH	Identical Name / Different Address Entity
S1-561269090	S2-678302199	us	Sirius	SIRIUS-LLC	9102 Trickle Trace Trail, Round Rock, TX	203 GENERAL N B FORREST DR, FRANKLIN TOWNSHIP, TN	Identical Name / Different Address Entity
S1-398084502	S2-80351273	us	Halcyon LLC	HALCYON  INC	6600 Capitol Drive, Greenbelt, MD	123 OAK VIEW DR, null, CAVALIER, ND	Identical Name / Different Address Entity
S1-398084502	S2-176682318	us	Halcyon LLC	Halcyon, LLC	6600 Capitol Drive, Greenbelt, MD	5917 LEHMAN WAY, AUSTIN, TX	Identical Name / Different Address Entity
S1-398084502	S2-319392937	us	Halcyon LLC	HALCYON LLC	6600 Capitol Drive, Greenbelt, MD	306-C MAY ST, DE WITT, AR	Identical Name / Different Address Entity
S1-398084502	S2-873470024	us	Halcyon LLC	Halcyon Co	6600 Capitol Drive, Greenbelt, MD	IN, 101 INNISBROOKE TRL, GREENWOOD TOWNSHIP	Identical Name / Different Address Entity
S1-398084502	S2-694826247	us	Halcyon LLC	#halcyon	6600 Capitol Drive, Greenbelt, MD	65 CHAPAMN ST, QUINCY, MA	Identical Name / Different Address Entity
S1-398084502	S2-740702811	us	Halcyon LLC	Halcyon Inc	6600 Capitol Drive, Greenbelt, MD	OK, FORT TOWSN TOWNSHIP, N/A, 195300 4367 LN	Identical Name / Different Address Entity
S1-398084502	S2-93298794	us	Halcyon LLC	Halcyon LLC	6600 Capitol Drive, Greenbelt, MD	5228 Misty Meadow Way, ELK GROVE, CA	Identical Name / Different Address Entity
S1-398084502	S2-961688178	us	Halcyon LLC	Halcyon	6600 Capitol Drive, Greenbelt, MD	#244 ELON COURT, N/A, VIRGINIA BEACH CITY, VA	Identical Name / Different Address Entity
S1-398084502	S2-517914515	us	Halcyon LLC	Halcyon	6600 Capitol Drive, Greenbelt, MD	1100 MEADOW CREEK DRIVE, ALLEN, TX	Identical Name / Different Address Entity
S1-398084502	S2-906830441	us	Halcyon LLC	Halcyon Inc	6600 Capitol Drive, Greenbelt, MD	1271 100, PRINCETON, IN	Identical Name / Different Address Entity
S1-398084502	S2-628802057	us	Halcyon LLC	HALCYON COMPANY	6600 Capitol Drive, Greenbelt, MD	345 LYNNWOOD DR, ANCHORAGE, AK	Identical Name / Different Address Entity
S1-398084502	S2-51732858	us	Halcyon LLC	Halcyon	6600 Capitol Drive, Greenbelt, MD	3099 TRAILWOOD DRIVE, NEWBURGH, IN	Identical Name / Different Address Entity
S1-398084502	S2-103032211	us	Halcyon LLC	Halcyon [Co]	6600 Capitol Drive, Greenbelt, MD	7123 BETHUNE AVE, PMB 4947, AUSTIN, TX	Identical Name / Different Address Entity
S1-398084502	S2-357849947	us	Halcyon LLC	Halcyon	6600 Capitol Drive, Greenbelt, MD	0217 STATE ST, NORTHAMPTON, MA	Identical Name / Different Address Entity
S1-398084502	S2-92976370	us	Halcyon LLC	Halcyon,	6600 Capitol Drive, Greenbelt, MD	14069 TR 1058, LAKEVILLE, OH	Identical Name / Different Address Entity
S1-398084502	S2-352920180	us	Halcyon LLC	Halcyon	6600 Capitol Drive, Greenbelt, MD	2112 REDMOND AVENUE, RENTON CITY, WA	Identical Name / Different Address Entity
S1-398084502	S2-785200239	us	Halcyon LLC	Halcyon Llc	6600 Capitol Drive, Greenbelt, MD	STUTTGART, AR, 2201 CHRISTOPHER ST	Identical Name / Different Address Entity
S1-110295930	S2-691918408	us	PF Bread LLC	pf bread llc	Jonesborough, TN, 492 Taylor Bridge Road	ONEIDA STREET, PMB 726, BALDWINSVILLE, NY	Identical Name / Different Address Entity
S1-663284662	S2-877245825	india	Krishna Infra Private Limited	Krishna Infra Private  Limited	24/1/1, Alipore Road, 3Rd Floor, Kolkata, Kolkata, Howrah, West Bengal	NO. 12, DAVIS ROAD, RICHARDSTOWN, BANGALORE-5., ಕರ್ನಾಟಕ	Identical Name / Different Address Entity
S1-435735212	S2-299385818	us	Juniper	Juniper, Inc	12831 6th Street, Unit Suite B, Lillian, AL	2581 MINK STREET, MOUNT VERNON, OH	Identical Name / Different Address Entity
S1-435735212	S2-344256268	us	Juniper	Juniper	12831 6th Street, Unit Suite B, Lillian, AL	849-D 740, OREM, UT	Identical Name / Different Address Entity
S1-435735212	S2-1855965	us	Juniper	Juniper	12831 6th Street, Unit Suite B, Lillian, AL	110 CITATION CIRCLE, HENDERSONVILLE, NC	Identical Name / Different Address Entity
S1-435735212	S2-20393024	us	Juniper	Juniper Co	12831 6th Street, Unit Suite B, Lillian, AL	6146- DALEVIEW RD, CINCINNATI, OH	Identical Name / Different Address Entity
S1-435735212	S2-176727752	us	Juniper	JUNIPER	12831 6th Street, Unit Suite B, Lillian, AL	SUMMERDALE, 55, AL	Identical Name / Different Address Entity
S1-435735212	S2-687226626	us	Juniper	Juniper LLC	12831 6th Street, Unit Suite B, Lillian, AL	18826 TRINITY CHURCH RD, PURCELLVILLE CITY, VA	Identical Name / Different Address Entity
S1-435735212	S2-412450946	us	Juniper	Juniper LLC	12831 6th Street, Unit Suite B, Lillian, AL	ROLLINS DRIVE, NASHPORT, OH	Identical Name / Different Address Entity
S1-435735212	S2-745140230	us	Juniper	Juniper LLC	12831 6th Street, Unit Suite B, Lillian, AL	NY, BATAVIA, 160  ROSS ST	Identical Name / Different Address Entity
S1-435735212	S2-510149118	us	Juniper	Juniper Corp	12831 6th Street, Unit Suite B, Lillian, AL	8063- 39TH ST, S. MICHAEL, ND	Identical Name / Different Address Entity
S1-435735212	S2-540406294	us	Juniper	Juniper	12831 6th Street, Unit Suite B, Lillian, AL	#199 110 WESTERN SKIES ROAD, GALLUP, NM	Identical Name / Different Address Entity
S1-435735212	S2-682877453	us	Juniper	Juniper LLC	12831 6th Street, Unit Suite B, Lillian, AL	TN, 323 FOREST PARK RD, MADISON	Identical Name / Different Address Entity
S1-435735212	S2-122674202	us	Juniper	Juniper	12831 6th Street, Unit Suite B, Lillian, AL	02327 15 Street, BROOKLYN, NY	Identical Name / Different Address Entity
S1-435735212	S2-237175701	us	Juniper	Juniper	12831 6th Street, Unit Suite B, Lillian, AL	#14996 Pleasant Valley Rd, CHILLICOTHE, OH	Identical Name / Different Address Entity
S1-51590630	S2-595985366	us	Cobalt Inc	Cobalt	936 Cascades Drive, Mckinney, TX	226, BAKKERSVILLE, NC	Identical Name / Different Address Entity
S1-51590630	S2-450147620	us	Cobalt Inc	Cobalt  Inc	936 Cascades Drive, Mckinney, TX	#54 RYDER BEACH RD, TRURO, MA	Identical Name / Different Address Entity
S1-51590630	S2-923905407	us	Cobalt Inc	Cobalt  Inc	936 Cascades Drive, Mckinney, TX	37281-37285 IVY TRAIL, NORTH BRANCH, MN	Identical Name / Different Address Entity
S1-51590630	S2-450278740	us	Cobalt Inc	Cobalt Inc	936 Cascades Drive, Mckinney, TX	#54 RYDER BEACH ROAD, TRURO, MA	Identical Name / Different Address Entity
S1-51590630	S2-986787546	us	Cobalt Inc	Cobalt Corporation	936 Cascades Drive, Mckinney, TX	280 ACACIA LANE, WADSWORTH, OH	Identical Name / Different Address Entity
S1-51590630	S2-838635319	us	Cobalt Inc	Cobalt	936 Cascades Drive, Mckinney, TX	ALEXANDRIA CITY, VA, 703 CHETORTH PL	Identical Name / Different Address Entity
S1-51590630	S2-549694370	us	Cobalt Inc	Cobalt Inc	936 Cascades Drive, Mckinney, TX	2828 KIDD RD, RALEIGH, NC	Identical Name / Different Address Entity
S1-51590630	S2-677813132	us	Cobalt Inc	Cobalt Inc	936 Cascades Drive, Mckinney, TX	308 MAY DRIVE, MADISON, TN	Identical Name / Different Address Entity
S1-51590630	S2-294835210	us	Cobalt Inc	COBALT  (LLC)	936 Cascades Drive, Mckinney, TX	NC, CANLER, 110 MEADOWBROOK ACRES	Identical Name / Different Address Entity
S1-51590630	S2-542234823	us	Cobalt Inc	COBALT	936 Cascades Drive, Mckinney, TX	12116 MORNING VISTA DR, PEORIA, AZ	Identical Name / Different Address Entity
S1-51590630	S2-193719243	us	Cobalt Inc	COBALT	936 Cascades Drive, Mckinney, TX	LA, BATON ROUGE, 5658 LOST OAK DRIVE	Identical Name / Different Address Entity
S1-51590630	S2-330193573	us	Cobalt Inc	Cobalt,	936 Cascades Drive, Mckinney, TX	11412 GEORGE ORWELL PLACE, WHITE PLAINS, MD	Identical Name / Different Address Entity
S1-51590630	S2-323397682	us	Cobalt Inc	COBALT LLC	936 Cascades Drive, Mckinney, TX	16511-D EVERGLADE LANE, CHENEY, WA	Identical Name / Different Address Entity
S1-51590630	S2-621809184	us	Cobalt Inc	Cobalt  LLC	936 Cascades Drive, Mckinney, TX	2931. 12.8, EPHRATA, WA	Identical Name / Different Address Entity
S1-51590630	S2-341268080	us	Cobalt Inc	Cobalt LLC	936 Cascades Drive, Mckinney, TX	1215 HILTON PARMA CORNERS ROAD, HILTON, NY	Identical Name / Different Address Entity
S1-51590630	S2-335123554	us	Cobalt Inc	COBALT	936 Cascades Drive, Mckinney, TX	1555 LOGAN AVE, CANTON, OH	Identical Name / Different Address Entity
S1-51590630	S2-480776821	us	Cobalt Inc	Cobalt LLC	936 Cascades Drive, Mckinney, TX	1575 REINDEER AVENUE, REDMOND CDP, OR	Identical Name / Different Address Entity
S1-51590630	S2-442638206	us	Cobalt Inc	Cobalt  Corp	936 Cascades Drive, Mckinney, TX	2675 O'NEAL LANE, BATON ROUGE CITY, LA	Identical Name / Different Address Entity
S1-51590630	S2-627922369	us	Cobalt Inc	*** COBALT INC	936 Cascades Drive, Mckinney, TX	8922 WESTANNA AVENUE, PORTLAND, OR	Identical Name / Different Address Entity
S1-51590630	S2-454499406	us	Cobalt Inc	Cobalt Inc	936 Cascades Drive, Mckinney, TX	CHELSEA DCP, 60 DUDLEY ST, MA	Identical Name / Different Address Entity
S1-51590630	S2-934594447	us	Cobalt Inc	Cobalt Corp	936 Cascades Drive, Mckinney, TX	32 CHESTNUT HILL ROAD, COLCHESTER, CT	Identical Name / Different Address Entity
S1-51590630	S2-390707975	us	Cobalt Inc	Cobalt, LLC	936 Cascades Drive, Mckinney, TX	PEORIA CDP, IL, 1806-1810 GALE AVENUE	Identical Name / Different Address Entity
S1-51590630	S2-289830333	us	Cobalt Inc	COBALT CORP	936 Cascades Drive, Mckinney, TX	191 ARROWHEAD LOOP, PITSBORO CITY, NC	Identical Name / Different Address Entity
S1-684205378	S2-247610312	us	Primary Care Health	Primary Care Health [LLC]	633 Main Street, Cairo, OH	807. TANNAHILL DRIVE, HUNTSVILLE, AL	Identical Name / Different Address Entity
S1-684205378	S2-804096484	us	Primary Care Health	Primary Care Health, Inc	633 Main Street, Cairo, OH	721 BOYD AVENUE, WICHITA, KS	Identical Name / Different Address Entity
S1-684205378	S2-256643839	us	Primary Care Health	Primary Care Health Inc.	633 Main Street, Cairo, OH	5380 SPRINGTRAIL DR, FLORISSANT, MO	Identical Name / Different Address Entity
S1-684205378	S2-361938216	us	Primary Care Health	PRIMARY CARE HEALTH LLC	633 Main Street, Cairo, OH	426 JAMES CREEK LANE, JACKSONVILLE, IL	Identical Name / Different Address Entity
S1-684205378	S2-218134807	us	Primary Care Health	Primary Care Health Inc	633 Main Street, Cairo, OH	7 BRANCH WAY, REHOBOTH BEACH TOWNSHIP, DE	Identical Name / Different Address Entity
S1-684205378	S2-516667645	us	Primary Care Health	primary care health llc	633 Main Street, Cairo, OH		Identical Name / Different Address Entity
S1-645147697	S2-687282843	us	Wildlife Center	Wildlife Center	1020 43rd Street, Minot, ND	OLD HARBOR LN, BRANSON, MO	Identical Name / Different Address Entity
S1-645147697	S2-175261528	us	Wildlife Center	Wildlife Center Corp	1020 43rd Street, Minot, ND	3118 47TH PLACE, PHOENIX, AZ	Identical Name / Different Address Entity
S1-869118709	S2-427446715	india	Southern Healthcare Private Limited	Southern  Healthcare Private Limited	D-10 Empire Residency Nea, R Agarwal Public School, Indore, Madhya Pradesh	0070, AKASH KUNJ APTT SECTOR- 9, ROHINI, DELHI, Delhi	Identical Name / Different Address Entity
S1-735713081	S2-249085644	us	Mount Cathedral	Mount Cathedral  Co	4130 18, Unit Unit C, Edmeston, NY	35 1/2 STATION STREET, ATHENS, OH	Identical Name / Different Address Entity
S1-735713081	S2-991120051	us	Mount Cathedral	-- Mount Cathedral	4130 18, Unit Unit C, Edmeston, NY	NY, 204 FOURTH ST, OLEAN	Identical Name / Different Address Entity
S1-735713081	S2-722021812	us	Mount Cathedral	Mount Cathedral	4130 18, Unit Unit C, Edmeston, NY	11275-C EL ESTEBAN ROAD, PHELAN, CA	Identical Name / Different Address Entity
S1-735713081	S2-890436299	us	Mount Cathedral	Mount Cathedral	4130 18, Unit Unit C, Edmeston, NY	05458 STATE HIGHWAY 37, MONETT, MO	Identical Name / Different Address Entity
S1-735713081	S2-610439166	us	Mount Cathedral	Mount Cathedral LLC	4130 18, Unit Unit C, Edmeston, NY	1B PRESHBURG BOULEVARD, MONROE, NY	Identical Name / Different Address Entity
S1-30166617	S2-706239558	us	New Life Cathedral	New  Life Cathedral	Houston, TX, 5610 Truett Street	26758 MT NEBO ROAD, ONANCOCK, VA	Identical Name / Different Address Entity
S1-30166617	S2-532284494	us	New Life Cathedral	New Life  Cathedral	Houston, TX, 5610 Truett Street	160- CALM LAKE CIR, GREECE, NY	Identical Name / Different Address Entity
S1-30166617	S2-435958787	us	New Life Cathedral	New Life-Cathedral	Houston, TX, 5610 Truett Street	21391 WOODVIEW CIR, STRONGSVILLE, OH	Identical Name / Different Address Entity
S1-30166617	S2-345527912	us	New Life Cathedral	NEW LIFE CATHEDRAL  INC	Houston, TX, 5610 Truett Street	149 STREET, FLUSHING CDP, NY	Identical Name / Different Address Entity
S1-30166617	S2-149475544	us	New Life Cathedral	New Life Cathedral	Houston, TX, 5610 Truett Street	5440 SANIBEL DRIVE, NULL, MINNETONKA, MN	Identical Name / Different Address Entity
S1-30166617	S2-183492220	us	New Life Cathedral	NEW LIFE CATHEDRAL	Houston, TX, 5610 Truett Street	850 TOWN CENTER PKWY, FAIRFAX COUNTY, VA	Identical Name / Different Address Entity
S1-482286138	S2-888770123	us	Dermatology Care Associates	DERMATOLOGY CARE ASSOCIATES	35080 N Fork Road, Kenai Peninsula Borough, AK	9314 STEEPLE CT, LAUUREL, MD	Identical Name / Different Address Entity
S1-482286138	S2-772745114	us	Dermatology Care Associates	Dermatology Care Associates Co.	35080 N Fork Road, Kenai Peninsula Borough, AK	2011 Mountain View Road, PHOENIX, AZ	Identical Name / Different Address Entity
S1-482286138	S2-76684872	us	Dermatology Care Associates	Dermatology Care  Associates Inc	35080 N Fork Road, Kenai Peninsula Borough, AK	0837 FIRST AVENUE, PORTLAND, OR	Identical Name / Different Address Entity
S1-482286138	S2-870405932	us	Dermatology Care Associates	Dermatology Care Associates	35080 N Fork Road, Kenai Peninsula Borough, AK	KY, 5902 LAFAYETTE ROAD, HOPKINSVILLE	Identical Name / Different Address Entity
S1-482286138	S2-20863447	us	Dermatology Care Associates	DERMATOLOGY CARE ASSOCIATES CORPORATION	35080 N Fork Road, Kenai Peninsula Borough, AK	WI, WATERTOWN, GOPHER HILL ROAD	Identical Name / Different Address Entity
S1-482286138	S2-341180390	us	Dermatology Care Associates	DERMATOLOGY CARE ASSOCIATES INC	35080 N Fork Road, Kenai Peninsula Borough, AK	55 BOYLSTON ST, STOUGHTON, MA	Identical Name / Different Address Entity
S1-482286138	S2-7717164	us	Dermatology Care Associates	Dermatology Care Associates,	35080 N Fork Road, Kenai Peninsula Borough, AK	NC, CULLOWHEE, 60 AMARILLO PLACE	Identical Name / Different Address Entity
S1-482286138	S2-895674743	us	Dermatology Care Associates	Dermatology Care Associates Inc	35080 N Fork Road, Kenai Peninsula Borough, AK	1739 MOORE ST, CITY OF LA CROSSE, WI	Identical Name / Different Address Entity
S1-482286138	S2-921998766	us	Dermatology Care Associates	DERMATOLOGY CARE ASSOCIATES INC.	35080 N Fork Road, Kenai Peninsula Borough, AK	31 SHORE ROAD, GREAT NECK, NY	Identical Name / Different Address Entity
S1-470841570	S2-834147263	us	Cultural Institute	Cultural [Institute]	4065 Boulevard Place, Indianapolis, IN	TULSA, 6334 1/2 128TH ST, OK	Identical Name / Different Address Entity
S1-470841570	S2-841933804	us	Cultural Institute	Cultural Institute	4065 Boulevard Place, Indianapolis, IN	113-115 FAIRWAY DRIVE, CYNTHIANA, KY	Identical Name / Different Address Entity
S1-470841570	S2-36702784	us	Cultural Institute	Cultural Institute	4065 Boulevard Place, Indianapolis, IN	506 CADDO GAP RD, BONNERDALE, AR	Identical Name / Different Address Entity
S1-901695846	S2-652847423	us	Lopez, Cortez and Custard LP	LOPEZ, CORTEZ AND CUSTARD LP	5 Industrial Loop Road, Hannibal, MO	IL, WOODLAND TRAILS DR, COLLINSVILLE	Identical Name / Different Address Entity
S1-703703543	S2-663953944	us	Cultural Charities Inc.	Cultural Charities Inc	142 32nd Avenue, Eugene, OR	null, AZ, 10500 NORTH FRONTAGE ROAD, YUMA	Identical Name / Different Address Entity
S1-703703543	S2-263916092	us	Cultural Charities Inc.	Cultural Charities Corp	142 32nd Avenue, Eugene, OR	5419 SNOW SPRING PL, ANTELOPE, CA	Identical Name / Different Address Entity
S1-856667356	S2-51866763	india	Laxmi Services Limited	LAXMI SERVICES LIMITED	W/O Balwinder Ram, Shop No. 5 Railway Road, Garhshankar, Hoshiarpur, Punjab	NO 80 C/O GOBIND SINGH SARDAR NGR CIRCULAR RD NR ANDHRA BANK AZAD CHOWK REWARI TEHSIL, REWARI, Haryana	Identical Name / Different Address Entity
S1-706591875	S2-367024560	us	Congregation Lutheran Church	CONGREGATION LUTHERAN CHURCH	Unit 22, 7905 Crows Nest Court, Laurel, MD	HERREN CAMP RD, DADEVILLE, AL	Identical Name / Different Address Entity
S1-706591875	S2-485122005	us	Congregation Lutheran Church	Congregation  Lutheran Church	Unit 22, 7905 Crows Nest Court, Laurel, MD	138 ASHLEY DRIVE, SALISBURY, NC	Identical Name / Different Address Entity
S1-706591875	S2-368551507	us	Congregation Lutheran Church	CONGREGATION LUTHERAN  CHURCH	Unit 22, 7905 Crows Nest Court, Laurel, MD		Identical Name / Different Address Entity
S1-706591875	S2-427851446	us	Congregation Lutheran Church	CONGREGATION LUTHERAN CHURCH	Unit 22, 7905 Crows Nest Court, Laurel, MD	2704 RED FOX TRL, PMB 7332, BROWNWOOD, TX	Identical Name / Different Address Entity
S1-630839433	S2-197263264	us	Chiropractic Associates Inc.	Chiropractic Associates	511 55th Street, Renton, WA	17 COTTER STMEET, ISLIP, NY	Identical Name / Different Address Entity
S1-630839433	S2-59346229	us	Chiropractic Associates Inc.	Chiropractic Associates	511 55th Street, Renton, WA	38 Roby Drive, NY, ROCHESTER	Identical Name / Different Address Entity
