feature_name	gain	gain_ratio
feat_address_token_overlap	87542.03594136238	0.38948
feat_name_sim_x_addr_sim	70140.30020999908	0.31206
feat_name_char_3gram_jaccard	16841.099808454514	0.07493
feat_address_token_jaccard	14019.691841483116	0.06237
feat_name_sorted_token_sim	5023.550785541534	0.02235
feat_house_number_exact_match	4995.801300525665	0.02223
feat_name_token_jaccard	3894.8130960464478	0.01733
feat_numeric_token_overlap	3577.809986114502	0.01592
feat_name_jaro_winkler	3423.7844202518463	0.01523
feat_name_token_count_diff	2512.009783744812	0.01118
feat_name_len_diff	1890.5322079658508	0.00841
feat_name_len_ratio	1532.6408288478851	0.00682
feat_address_missing_flag	1417.614294052124	0.00631
feat_address_levenshtein_sim	1304.5286223888397	0.0058
feat_name_token_overlap	1128.6755130290985	0.00502
feat_exact_name_core_match	905.9398002624512	0.00403
feat_rare_token_hit	712.7812798023224	0.00317
feat_candidate_rank	550.5697433948517	0.00245
feat_name_last_token_match	484.0943238735199	0.00215
feat_name_levenshtein_sim	477.5552110671997	0.00212
feat_block_count	474.84618043899536	0.00211
feat_block_strength_sum	471.58539748191833	0.0021
feat_address_len_diff	454.99437046051025	0.00202
feat_max_name_addr_sim	312.45984864234924	0.00139
feat_name_sim_plus_addr_sim	306.3307189941406	0.00136
feat_min_name_addr_sim	93.63830947875977	0.00042
feat_house_name_hit	87.7486389875412	0.00039
feat_house_number_overlap	62.47963988780975	0.00028
feat_address_token_hit	61.16494941711426	0.00027
feat_char_3gram_hit	43.62202072143555	0.00019
feat_address_token_count_diff	19.517639636993408	9e-05
feat_name_first_token_match	3.8763198852539062	2e-05
feat_is_source2	0.0	0.0
feat_combined_postal_name_hit	0.0	0.0
feat_exact_name_match	0.0	0.0
feat_name_core_hit	0.0	0.0
feat_exact_name_hit	0.0	0.0
feat_addr_exact_and_name_similar	0.0	0.0
feat_name_exact_and_addr_similar	0.0	0.0
feat_both_exact	0.0	0.0
feat_postal_exact_match	0.0	0.0
feat_exact_address_match	0.0	0.0
feat_is_source3	0.0	0.0
