threshold	macro_f05	macro_precision	macro_recall	micro_precision	micro_recall	total_predicted_matches	false_merges_count	missed_true_pairs_count	singleton_false_match_rate	singleton_exact_empty_acc	single_match_s1_accuracy	multi_match_s1_accuracy	total_true_matches	total_true_positives	singleton_count
0.05	0.9098	0.9096	0.9127	0.6287	0.8696	668	248	63	0.0792	0.9208	0.8129	0.8182	483	420	2550
0.1	0.9322	0.9321	0.9342	0.7249	0.8509	567	156	72	0.0506	0.9494	0.8082	0.8182	483	411	2550
0.15	0.9441	0.9442	0.9447	0.796	0.8323	505	103	81	0.0349	0.9651	0.8106	0.7879	483	402	2550
0.2	0.9503	0.9504	0.9507	0.8401	0.8157	469	75	89	0.0247	0.9753	0.7938	0.7879	483	394	2550
0.25	0.952	0.9522	0.9522	0.8668	0.795	443	59	99	0.0192	0.9808	0.7746	0.7576	483	384	2550
0.3	0.9519	0.9522	0.9518	0.8842	0.7743	423	49	109	0.0161	0.9839	0.7554	0.697	483	374	2550
0.35	0.9523	0.9527	0.9518	0.9059	0.7578	404	38	117	0.0133	0.9867	0.7458	0.697	483	366	2550
0.4	0.9517	0.9522	0.951	0.9225	0.7391	387	30	126	0.011	0.989	0.729	0.6667	483	357	2550
0.45	0.9528	0.9533	0.9517	0.9533	0.7184	364	17	136	0.0067	0.9933	0.7122	0.6061	483	347	2550
0.5	0.9518	0.9523	0.9507	0.9554	0.7101	359	16	140	0.0063	0.9937	0.7026	0.6061	483	343	2550
0.55	0.9504	0.951	0.9492	0.96	0.6957	350	14	147	0.0055	0.9945	0.6882	0.5758	483	336	2550
0.6	0.9487	0.9493	0.9475	0.9676	0.6791	339	11	155	0.0043	0.9957	0.6691	0.5758	483	328	2550
0.65	0.9473	0.948	0.9458	0.9726	0.6625	329	9	163	0.0035	0.9965	0.6547	0.5152	483	320	2550
0.7	0.9449	0.9457	0.9435	0.978	0.6439	318	7	172	0.0027	0.9973	0.6331	0.5152	483	311	2550
0.75	0.9426	0.9433	0.9412	0.9805	0.6253	308	6	181	0.0024	0.9976	0.6163	0.4848	483	302	2550
0.8	0.9306	0.9313	0.9292	0.9813	0.5424	267	5	221	0.002	0.998	0.5348	0.3939	483	262	2550
0.85	0.8545	0.8547	0.8542	1.0	0.029	14	0	469	0.0	1.0	0.0264	0.0	483	14	2550
0.9	0.8503	0.8503	0.8503	1.0	0.0021	1	0	482	0.0	1.0	0.0024	0.0	483	1	2550
0.95	0.85	0.85	0.85	0.0	0.0	0	0	483	0.0	1.0	0.0	0.0	483	0	2550
